Dates,Price,Destination,InviaCode,Operator,MealType
"
							21.5. - 28.5.
							(8 dní)
						",14290,Kreta,36829,Electra Tours,All Inclusive
"
							28.5. - 4.6.
							(8 dní)
						",16990,Kreta,36829,Electra Tours,All Inclusive
"
							1.6. - 4.6.
							(4 dny)
						",11850,Kreta,36829,Electra Tours,All Inclusive
"
							7.5. - 14.5.
							(8 dní)
						",13226,Kreta,8986,Exim Tours,All Inclusive
"
							7.5. - 21.5.
							(15 dní)
						",17778,Kreta,8986,Exim Tours,All Inclusive
"
							13.5. - 20.5.
							(8 dní)
						",11890,Kreta,8986,Pantour,All Inclusive
"
							13.5. - 20.5.
							(8 dní)
						",10790,Kreta,103281,Pantour,All Inclusive
"
							16.5. - 26.5.
							(11 dní)
						",13890,Kreta,103281,Pantour,All Inclusive
"
							19.5. - 2.6.
							(15 dní)
						",15890,Kreta,103281,Pantour,All Inclusive
"
							23.4. - 30.4.
							(8 dní)
						",11060,Kreta,8397,Fischer 1 - cestovní kancelář,Polopenze
"
							23.4. - 30.4.
							(8 dní)
						",13990,Kreta,8397,Fischer 1 - cestovní kancelář,All Inclusive
"
							30.4. - 7.5.
							(8 dní)
						",13990,Kreta,8397,Fischer 1 - cestovní kancelář,All Inclusive
"
							7.5. - 14.5.
							(8 dní)
						",8990,Kreta,8182,Fischer 3 - spec.produkt,Snídaně
"
							7.5. - 14.5.
							(8 dní)
						",9590,Kreta,8182,Fischer 3 - spec.produkt,Polopenze
"
							7.5. - 14.5.
							(8 dní)
						",10700,Kreta,8182,Fischer 3 - spec.produkt,All Inclusive
"
							30.4. - 14.5.
							(15 dní)
						",20690,Kreta,21275,Exim Tours,All Inclusive
"
							7.5. - 21.5.
							(15 dní)
						",20690,Kreta,21275,Exim Tours,All Inclusive
"
							14.5. - 28.5.
							(15 dní)
						",20390,Kreta,21275,Exim Tours,All Inclusive
"
							7.5. - 14.5.
							(8 dní)
						",15690,Kreta,8148,Exim Tours,All Inclusive
"
							7.5. - 21.5.
							(15 dní)
						",22490,Kreta,8148,Exim Tours,All Inclusive
"
							13.5. - 20.5.
							(8 dní)
						",12390,Kreta,8148,Pantour,All Inclusive
"
							28.5. - 4.6.
							(8 dní)
						",12790,Kreta,8438,Exim Tours,Polopenze
"
							28.5. - 11.6.
							(15 dní)
						",17290,Kreta,8438,Exim Tours,Polopenze
"
							3.6. - 10.6.
							(8 dní)
						",15090,Kreta,8438,Kartago Tours SK,Polopenze
"
							21.5. - 28.5.
							(8 dní)
						",12650,Kreta,8599,Electra Tours,All Inclusive
"
							27.5. - 3.6.
							(8 dní)
						",11770,Kreta,8599,My Planet (Travel Planet),All Inclusive
"
							27.5. - 7.6.
							(12 dní)
						",19355,Kreta,8599,Brenna,All Inclusive
"
							14.5. - 21.5.
							(8 dní)
						",12820,Kreta,8248,Fischer 1 - cestovní kancelář,All Inclusive
"
							14.5. - 21.5.
							(8 dní)
						",9820,Kreta,8248,Fischer 1 - cestovní kancelář,Polopenze
"
							20.5. - 27.5.
							(8 dní)
						",12990,Kreta,8248,Fischer 1 - cestovní kancelář,All Inclusive
"
							7.5. - 21.5.
							(15 dní)
						",23190,Kreta,8897,Exim Tours,All Inclusive
"
							14.5. - 28.5.
							(15 dní)
						",22890,Kreta,8897,Exim Tours,All Inclusive
"
							21.5. - 28.5.
							(8 dní)
						",17880,Kreta,8897,Exim Tours,All Inclusive
"
							3.6. - 14.6.
							(12 dní)
						",16632,Kreta,9043,TIP travel,All Inclusive
"
							7.6. - 14.6.
							(8 dní)
						",13992,Kreta,9043,TIP travel,All Inclusive
"
							7.6. - 21.6.
							(15 dní)
						",21272,Kreta,9043,Koala Tours SK,All Inclusive
"
							1.5. - 8.5.
							(8 dní)
						",17872,Kreta,58603,Solartour SK,All Inclusive
"
							5.5. - 12.5.
							(8 dní)
						",18294,Kreta,58603,Solartour SK,All Inclusive
"
							8.5. - 15.5.
							(8 dní)
						",17872,Kreta,58603,Solartour SK,All Inclusive
"
							21.5. - 28.5.
							(8 dní)
						",17390,Kreta,29340,Exim Tours,All Inclusive
"
							28.5. - 4.6.
							(8 dní)
						",17390,Kreta,29340,Exim Tours,All Inclusive
"
							28.5. - 11.6.
							(15 dní)
						",26990,Kreta,29340,Exim Tours,All Inclusive
"
							30.4. - 7.5.
							(8 dní)
						",17990,Kreta,104771,Exim Tours,All Inclusive
"
							30.4. - 14.5.
							(15 dní)
						",27190,Kreta,104771,Exim Tours,All Inclusive
"
							7.5. - 14.5.
							(8 dní)
						",18090,Kreta,104771,Exim Tours,All Inclusive
"
							21.5. - 28.5.
							(8 dní)
						",18390,Kreta,98192,Exim Tours,All Inclusive
"
							28.5. - 4.6.
							(8 dní)
						",21990,Kreta,98192,Exim Tours,All Inclusive
"
							28.5. - 11.6.
							(15 dní)
						",35190,Kreta,98192,Exim Tours,All Inclusive
"
							12.4. - 17.4.
							(6 dní)
						",30135,Kreta,49316,Neckermann CZ,All Inclusive
"
							12.4. - 17.4.
							(6 dní)
						",25221,Kreta,49316,Neckermann CZ,Polopenze
"
							12.4. - 19.4.
							(8 dní)
						",34147,Kreta,49316,Neckermann CZ,All Inclusive
"
							10.5. - 15.5.
							(6 dní)
						",13334,Kreta,54457,Neckermann CZ,Polopenze
"
							10.5. - 15.5.
							(6 dní)
						",14724,Kreta,54457,Neckermann CZ,All Inclusive
"
							10.5. - 17.5.
							(8 dní)
						",15466,Kreta,54457,Neckermann CZ,All Inclusive
"
							21.5. - 28.5.
							(8 dní)
						",12490,Kreta,21378,Electra Tours,All Inclusive
"
							27.5. - 7.6.
							(12 dní)
						",16745,Kreta,21378,VTT,All Inclusive
"
							28.5. - 4.6.
							(8 dní)
						",13750,Kreta,21378,Electra Tours,All Inclusive
"
							27.5. - 3.6.
							(8 dní)
						",12430,Kreta,70225,Fischer 1 - cestovní kancelář,Polopenze
"
							27.5. - 3.6.
							(8 dní)
						",11430,Kreta,70225,Fischer 1 - cestovní kancelář,Snídaně
"
							27.5. - 7.6.
							(12 dní)
						",14843,Kreta,70225,Brenna,Polopenze
"
							9.4. - 16.4.
							(8 dní)
						",21490,Kreta,24810,Fischer 1 - cestovní kancelář,All Inclusive
"
							16.4. - 23.4.
							(8 dní)
						",21490,Kreta,24810,Fischer 1 - cestovní kancelář,All Inclusive
"
							23.4. - 30.4.
							(8 dní)
						",21490,Kreta,24810,Fischer 1 - cestovní kancelář,All Inclusive
"
							13.5. - 20.5.
							(8 dní)
						",10490,Kreta,8210,Pantour,All Inclusive
"
							13.5. - 20.5.
							(8 dní)
						",9390,Kreta,8210,Pantour,Polopenze
"
							14.5. - 21.5.
							(8 dní)
						",9680,Kreta,8210,Fischer 3 - spec.produkt,Polopenze
"
							13.5. - 20.5.
							(8 dní)
						",11590,Kreta,8819,Pantour,All Inclusive
"
							16.5. - 26.5.
							(11 dní)
						",15090,Kreta,8819,Pantour,All Inclusive
"
							19.5. - 2.6.
							(15 dní)
						",17490,Kreta,8819,Pantour,All Inclusive
"
							30.4. - 7.5.
							(8 dní)
						",16990,Kreta,7566,Exim Tours,All Inclusive
"
							30.4. - 14.5.
							(15 dní)
						",25090,Kreta,7566,Exim Tours,All Inclusive
"
							7.5. - 14.5.
							(8 dní)
						",16262,Kreta,7566,Exim Tours,All Inclusive
"
							27.5. - 3.6.
							(8 dní)
						",18370,Kreta,97477,My Planet (Travel Planet),All Inclusive
"
							27.5. - 3.6.
							(8 dní)
						",16680,Kreta,97477,My Planet (Travel Planet),Polopenze
"
							28.5. - 8.6.
							(12 dní)
						",25491,Kreta,97477,Firo Tour,All Inclusive
"
							16.4. - 23.4.
							(8 dní)
						",16090,Kreta,9122,Exim Tours,All Inclusive
"
							23.4. - 30.4.
							(8 dní)
						",16090,Kreta,9122,Exim Tours,All Inclusive
"
							30.4. - 7.5.
							(8 dní)
						",16390,Kreta,9122,Exim Tours,All Inclusive
"
							1.5. - 6.5.
							(6 dní)
						",27247,Kreta,8170,Neckermann CZ,All Inclusive
"
							1.5. - 6.5.
							(6 dní)
						",25857,Kreta,8170,Neckermann CZ,Polopenze
"
							1.5. - 8.5.
							(8 dní)
						",13701,Kreta,8170,Neckermann CZ,Polopenze
"
							31.5. - 10.6.
							(11 dní)
						",9832,Kreta,70039,Melissa Travel,Bez stravy
"
							10.6. - 21.6.
							(12 dní)
						",10232,Kreta,70039,Melissa Travel,Bez stravy
"
							21.6. - 1.7.
							(11 dní)
						",10632,Kreta,70039,Melissa Travel,Bez stravy
"
							16.4. - 23.4.
							(8 dní)
						",14600,Kreta,105992,Fischer 1 - cestovní kancelář,All Inclusive
"
							23.4. - 30.4.
							(8 dní)
						",13990,Kreta,105992,Fischer 1 - cestovní kancelář,All Inclusive
"
							30.4. - 7.5.
							(8 dní)
						",13990,Kreta,105992,Fischer 1 - cestovní kancelář,All Inclusive
"
							7.5. - 14.5.
							(8 dní)
						",13420,Kreta,9067,Fischer 1 - cestovní kancelář,All Inclusive
"
							13.5. - 20.5.
							(8 dní)
						",11670,Kreta,9067,Pantour,All Inclusive
"
							14.5. - 21.5.
							(8 dní)
						",11060,Kreta,9067,Fischer 1 - cestovní kancelář,All Inclusive
"
							13.5. - 20.5.
							(8 dní)
						",9790,Kreta,7794,Pantour,All Inclusive
"
							16.5. - 26.5.
							(11 dní)
						",13890,Kreta,7794,Pantour,All Inclusive
"
							19.5. - 2.6.
							(15 dní)
						",15890,Kreta,7794,Pantour,All Inclusive
"
							21.5. - 28.5.
							(8 dní)
						",10850,Kreta,49305,Electra Tours,Snídaně
"
							21.5. - 28.5.
							(8 dní)
						",10090,Kreta,49305,Electra Tours,Polopenze
"
							27.5. - 3.6.
							(8 dní)
						",10480,Kreta,49305,My Planet (Travel Planet),Polopenze
"
							17.5. - 27.5.
							(11 dní)
						",17663,Kreta,7947,Brenna,All Inclusive
"
							20.5. - 27.5.
							(8 dní)
						",14937,Kreta,7947,Brenna,All Inclusive
"
							21.5. - 28.5.
							(8 dní)
						",12590,Kreta,7947,Electra Tours,All Inclusive
"
							1.4. - 8.4.
							(8 dní)
						",22487,Kreta,103602,Neckermann CZ,Snídaně
"
							1.4. - 8.4.
							(8 dní)
						",23135,Kreta,103602,Neckermann CZ,Polopenze
"
							1.4. - 8.4.
							(8 dní)
						",23784,Kreta,103602,Neckermann CZ,All Inclusive
"
							7.5. - 14.5.
							(8 dní)
						",14690,Kreta,28668,Fischer 1 - cestovní kancelář,All Inclusive
"
							7.5. - 14.5.
							(8 dní)
						",11690,Kreta,28668,Fischer 1 - cestovní kancelář,Polopenze
"
							13.5. - 20.5.
							(8 dní)
						",13590,Kreta,28668,Pantour,All Inclusive
"
							27.5. - 3.6.
							(8 dní)
						",13330,Kreta,7964,My Planet (Travel Planet),All Inclusive
"
							3.6. - 10.6.
							(8 dní)
						",15040,Kreta,7964,My Planet (Travel Planet),All Inclusive
"
							3.6. - 14.6.
							(12 dní)
						",24954,Kreta,7964,Solvex SK,All Inclusive
"
							28.5. - 4.6.
							(8 dní)
						",14170,Kreta,25979,Exim Tours,Polopenze
"
							28.5. - 4.6.
							(8 dní)
						",18577,Kreta,25979,Exim Tours,All Inclusive
"
							28.5. - 11.6.
							(15 dní)
						",29725,Kreta,25979,Exim Tours,All Inclusive
"
							14.5. - 21.5.
							(8 dní)
						",10990,Kreta,8086,Fischer 1 - cestovní kancelář,All Inclusive
"
							20.5. - 27.5.
							(8 dní)
						",10990,Kreta,8086,Fischer 1 - cestovní kancelář,All Inclusive
"
							21.5. - 28.5.
							(8 dní)
						",10750,Kreta,8086,Electra Tours,All Inclusive
"
							30.4. - 7.5.
							(8 dní)
						",19690,Kreta,83549,Exim Tours,All Inclusive
"
							30.4. - 14.5.
							(15 dní)
						",30590,Kreta,83549,Exim Tours,All Inclusive
"
							7.5. - 14.5.
							(8 dní)
						",18846,Kreta,83549,Exim Tours,All Inclusive
"
							13.5. - 20.5.
							(8 dní)
						",8490,Kreta,60917,Pantour,Bez stravy
"
							16.5. - 26.5.
							(11 dní)
						",10590,Kreta,60917,Pantour,Bez stravy
"
							19.5. - 2.6.
							(15 dní)
						",11290,Kreta,60917,Pantour,Bez stravy
"
							9.4. - 16.4.
							(8 dní)
						",14780,Kreta,22485,Fischer 1 - cestovní kancelář,All Inclusive
"
							9.4. - 23.4.
							(15 dní)
						",22190,Kreta,22485,Exim Tours,All Inclusive
"
							16.4. - 23.4.
							(8 dní)
						",14780,Kreta,22485,Fischer 1 - cestovní kancelář,All Inclusive
"
							13.5. - 20.5.
							(8 dní)
						",11690,Kreta,9487,Pantour,All Inclusive
"
							16.5. - 26.5.
							(11 dní)
						",15090,Kreta,9487,Pantour,All Inclusive
"
							19.5. - 2.6.
							(15 dní)
						",17490,Kreta,9487,Pantour,All Inclusive
"
							7.4. - 14.4.
							(8 dní)
						",18209,Kreta,101128,Eti Slovensko SK,All Inclusive
"
							7.4. - 15.4.
							(9 dní)
						",23099,Kreta,101128,Eti Slovensko SK,All Inclusive
"
							7.4. - 21.4.
							(15 dní)
						",26696,Kreta,101128,Eti Slovensko SK,All Inclusive
"
							31.5. - 7.6.
							(8 dní)
						",12401,Kreta,9444,Čedok,Bez stravy
"
							3.6. - 14.6.
							(12 dní)
						",14101,Kreta,9444,Čedok,Bez stravy
"
							7.6. - 14.6.
							(8 dní)
						",13166,Kreta,9444,Čedok,Bez stravy
"
							13.5. - 20.5.
							(8 dní)
						",9890,Kreta,8388,Pantour,Polopenze
"
							13.5. - 20.5.
							(8 dní)
						",9390,Kreta,8388,Pantour,Snídaně
"
							14.5. - 21.5.
							(8 dní)
						",13300,Kreta,8388,Fischer 1 - cestovní kancelář,Snídaně
"
							28.5. - 4.6.
							(8 dní)
						",12590,Kreta,21162,Blue Style,Polopenze
"
							28.5. - 8.6.
							(12 dní)
						",14290,Kreta,21162,Blue Style,Polopenze
"
							1.6. - 8.6.
							(8 dní)
						",12590,Kreta,21162,Blue Style,Polopenze
"
							30.4. - 7.5.
							(8 dní)
						",15090,Kreta,27655,Exim Tours,Polopenze
"
							30.4. - 14.5.
							(15 dní)
						",21090,Kreta,27655,Exim Tours,Polopenze
"
							7.5. - 14.5.
							(8 dní)
						",14362,Kreta,27655,Exim Tours,Polopenze
"
							27.5. - 3.6.
							(8 dní)
						",11732,Kreta,7848,Travel 2002,Bez stravy
"
							27.5. - 7.6.
							(12 dní)
						",11553,Kreta,7848,Brenna,Bez stravy
"
							27.5. - 7.6.
							(12 dní)
						",12963,Kreta,7848,Brenna,Snídaně
"
							7.5. - 14.5.
							(8 dní)
						",18220,Kreta,58604,Fischer 1 - cestovní kancelář,All Inclusive
"
							14.5. - 21.5.
							(8 dní)
						",20660,Kreta,58604,Fischer 1 - cestovní kancelář,All Inclusive
"
							20.5. - 27.5.
							(8 dní)
						",14990,Kreta,58604,Fischer 1 - cestovní kancelář,All Inclusive
"
							30.4. - 7.5.
							(8 dní)
						",14159,Kreta,9525,Inex,Polopenze
"
							30.4. - 14.5.
							(15 dní)
						",19495,Kreta,9525,Inex,Polopenze
"
							7.5. - 14.5.
							(8 dní)
						",14290,Kreta,9525,Inex,Polopenze
"
							9.4. - 16.4.
							(8 dní)
						",14290,Kreta,28596,Exim Tours,All Inclusive
"
							9.4. - 23.4.
							(15 dní)
						",19890,Kreta,28596,Exim Tours,All Inclusive
"
							16.4. - 23.4.
							(8 dní)
						",14290,Kreta,28596,Exim Tours,All Inclusive
"
							17.5. - 27.5.
							(11 dní)
						",22175,Kreta,8163,Brenna,All Inclusive
"
							20.5. - 27.5.
							(8 dní)
						",18133,Kreta,8163,Brenna,All Inclusive
"
							21.5. - 28.5.
							(8 dní)
						",16190,Kreta,8163,Electra Tours,All Inclusive
"
							15.4. - 22.4.
							(8 dní)
						",19727,Kreta,8236,Solartour SK,All Inclusive
"
							15.4. - 22.4.
							(8 dní)
						",16776,Kreta,8236,Solartour SK,Polopenze
"
							17.4. - 24.4.
							(8 dní)
						",15259,Kreta,8236,Solartour SK,Polopenze
"
							27.5. - 3.6.
							(8 dní)
						",13020,Kreta,28666,My Planet (Travel Planet),All Inclusive
"
							1.6. - 8.6.
							(8 dní)
						",12290,Kreta,28666,Pantour,All Inclusive
"
							1.6. - 11.6.
							(11 dní)
						",16190,Kreta,28666,Pantour,All Inclusive
"
							31.5. - 10.6.
							(11 dní)
						",16675,Kreta,9580,Melissa Travel,Polopenze
"
							3.6. - 10.6.
							(8 dní)
						",14085,Kreta,9580,Čedok,Polopenze
"
							10.6. - 21.6.
							(12 dní)
						",18207,Kreta,9580,Čedok,Polopenze
"
							27.5. - 7.6.
							(12 dní)
						",18870,Kreta,29339,VTT,All Inclusive
"
							27.5. - 7.6.
							(12 dní)
						",11900,Kreta,29339,VTT,Bez stravy
"
							27.5. - 7.6.
							(12 dní)
						",16745,Kreta,29339,VTT,Polopenze
"
							10.6. - 17.6.
							(8 dní)
						",22865,Kreta,8228,VTT,All Inclusive
"
							10.6. - 17.6.
							(8 dní)
						",17595,Kreta,8228,VTT,Polopenze
"
							14.6. - 21.6.
							(8 dní)
						",19125,Kreta,8228,VTT,Polopenze
"
							17.5. - 27.5.
							(11 dní)
						",19449,Kreta,7902,Brenna,All Inclusive
"
							17.5. - 27.5.
							(11 dní)
						",15877,Kreta,7902,Brenna,Polopenze
"
							20.5. - 27.5.
							(8 dní)
						",16253,Kreta,7902,Brenna,All Inclusive
"
							27.5. - 3.6.
							(8 dní)
						",18230,Kreta,50252,My Planet (Travel Planet),All Inclusive
"
							27.5. - 7.6.
							(12 dní)
						",20671,Kreta,50252,Brenna,All Inclusive
"
							3.6. - 10.6.
							(8 dní)
						",17770,Kreta,50252,My Planet (Travel Planet),All Inclusive
"
							21.5. - 28.5.
							(8 dní)
						",14690,Kreta,110648,Exim Tours,All Inclusive
"
							28.5. - 4.6.
							(8 dní)
						",14790,Kreta,110648,Exim Tours,All Inclusive
"
							28.5. - 11.6.
							(15 dní)
						",21290,Kreta,110648,Exim Tours,All Inclusive
"
							21.5. - 28.5.
							(8 dní)
						",17190,Kreta,94882,Exim Tours,All Inclusive
"
							28.5. - 4.6.
							(8 dní)
						",17190,Kreta,94882,Exim Tours,All Inclusive
"
							28.5. - 11.6.
							(15 dní)
						",26790,Kreta,94882,Exim Tours,All Inclusive
"
							30.4. - 7.5.
							(8 dní)
						",17590,Kreta,8368,Exim Tours,All Inclusive
"
							30.4. - 14.5.
							(15 dní)
						",26490,Kreta,8368,Exim Tours,All Inclusive
"
							7.5. - 14.5.
							(8 dní)
						",16830,Kreta,8368,Exim Tours,All Inclusive
"
							23.4. - 30.4.
							(8 dní)
						",19080,Kreta,8708,Exim Tours,All Inclusive
"
							23.4. - 30.4.
							(8 dní)
						",15390,Kreta,8708,Exim Tours,Polopenze
"
							27.5. - 3.6.
							(8 dní)
						",26330,Kreta,8708,Greece tours,All Inclusive
"
							23.4. - 30.4.
							(8 dní)
						",17190,Kreta,22949,Exim Tours,All Inclusive
"
							30.4. - 14.5.
							(15 dní)
						",27980,Kreta,22949,Exim Tours,All Inclusive
"
							7.5. - 14.5.
							(8 dní)
						",17509,Kreta,22949,Exim Tours,All Inclusive
"
							13.5. - 20.5.
							(8 dní)
						",19790,Kreta,54446,Pantour,All Inclusive
"
							1.6. - 8.6.
							(8 dní)
						",20590,Kreta,54446,Pantour,All Inclusive
"
							1.6. - 11.6.
							(11 dní)
						",28290,Kreta,54446,Pantour,All Inclusive
"
							13.5. - 20.5.
							(8 dní)
						",16590,Kreta,101702,Pantour,Polopenze
"
							13.5. - 20.5.
							(8 dní)
						",19390,Kreta,101702,Pantour,All Inclusive
"
							14.5. - 21.5.
							(8 dní)
						",18290,Kreta,101702,Pantour,Polopenze
"
							13.5. - 20.5.
							(8 dní)
						",11790,Kreta,73716,Pantour,All Inclusive
"
							14.5. - 21.5.
							(8 dní)
						",11070,Kreta,73716,Fischer 3 - spec.produkt,All Inclusive
"
							16.5. - 26.5.
							(11 dní)
						",15590,Kreta,73716,Pantour,All Inclusive
"
							9.4. - 16.4.
							(8 dní)
						",13890,Kreta,9063,Fischer 1 - cestovní kancelář,Light All inclusive
"
							9.4. - 16.4.
							(8 dní)
						",11390,Kreta,9063,Fischer 1 - cestovní kancelář,Polopenze
"
							16.4. - 23.4.
							(8 dní)
						",14190,Kreta,9063,Fischer 1 - cestovní kancelář,Light All inclusive
"
							13.5. - 20.5.
							(8 dní)
						",11680,Kreta,25975,Pantour,All Inclusive
"
							16.5. - 26.5.
							(11 dní)
						",15490,Kreta,25975,Pantour,All Inclusive
"
							19.5. - 2.6.
							(15 dní)
						",18190,Kreta,25975,Pantour,All Inclusive
"
							13.5. - 20.5.
							(8 dní)
						",10090,Kreta,26206,Pantour,Snídaně
"
							13.5. - 20.5.
							(8 dní)
						",12490,Kreta,26206,Pantour,Light All inclusive
"
							13.5. - 20.5.
							(8 dní)
						",10590,Kreta,26206,Pantour,Polopenze
"
							9.4. - 16.4.
							(8 dní)
						",12190,Kreta,7917,Exim Tours,Polopenze
"
							9.4. - 23.4.
							(15 dní)
						",15690,Kreta,7917,Exim Tours,Polopenze
"
							23.4. - 30.4.
							(8 dní)
						",12190,Kreta,7917,Exim Tours,Polopenze
"
							16.4. - 23.4.
							(8 dní)
						",17990,Kreta,35777,Exim Tours,All Inclusive
"
							23.4. - 30.4.
							(8 dní)
						",17890,Kreta,35777,Exim Tours,All Inclusive
"
							30.4. - 7.5.
							(8 dní)
						",18390,Kreta,35777,Exim Tours,All Inclusive
"
							17.3. - 24.3.
							(8 dní)
						",20230,Kreta,36543,Neckermann CZ,All Inclusive
"
							17.3. - 27.3.
							(11 dní)
						",22392,Kreta,36543,Neckermann CZ,All Inclusive
"
							17.3. - 28.3.
							(12 dní)
						",20444,Kreta,36543,Neckermann CZ,All Inclusive
"
							9.4. - 16.4.
							(8 dní)
						",14710,Kreta,49740,Fischer 1 - cestovní kancelář,All Inclusive
"
							16.4. - 23.4.
							(8 dní)
						",14710,Kreta,49740,Fischer 1 - cestovní kancelář,All Inclusive
"
							23.4. - 30.4.
							(8 dní)
						",14710,Kreta,49740,Fischer 1 - cestovní kancelář,All Inclusive
"
							10.4. - 15.4.
							(6 dní)
						",22315,Kreta,87764,Neckermann CZ,Polopenze
"
							10.4. - 17.4.
							(8 dní)
						",21417,Kreta,87764,Neckermann CZ,Polopenze
"
							10.4. - 20.4.
							(11 dní)
						",71578,Kreta,87764,Neckermann CZ,Polopenze
"
							14.5. - 21.5.
							(8 dní)
						",14650,Kreta,25799,Fischer 1 - cestovní kancelář,All Inclusive
"
							20.5. - 27.5.
							(8 dní)
						",15060,Kreta,25799,Fischer 1 - cestovní kancelář,All Inclusive
"
							21.5. - 28.5.
							(8 dní)
						",12690,Kreta,25799,Electra Tours,All Inclusive
"
							13.5. - 20.5.
							(8 dní)
						",10290,Kreta,8750,Pantour,Polopenze
"
							13.5. - 20.5.
							(8 dní)
						",11990,Kreta,8750,Pantour,All Inclusive
"
							14.5. - 21.5.
							(8 dní)
						",11980,Kreta,8750,Fischer 1 - cestovní kancelář,All Inclusive
"
							21.5. - 28.5.
							(8 dní)
						",16490,Kreta,49750,Exim Tours,All Inclusive
"
							28.5. - 4.6.
							(8 dní)
						",16490,Kreta,49750,Exim Tours,All Inclusive
"
							28.5. - 11.6.
							(15 dní)
						",24390,Kreta,49750,Exim Tours,All Inclusive
"
							13.5. - 20.5.
							(8 dní)
						",11190,Kreta,8405,Pantour,Polopenze
"
							13.5. - 20.5.
							(8 dní)
						",12790,Kreta,8405,Pantour,Plná penze
"
							14.5. - 21.5.
							(8 dní)
						",12480,Kreta,8405,Fischer 3 - spec.produkt,Plná penze
"
							1.6. - 8.6.
							(8 dní)
						",10980,Kreta,43586,Pantour,All Inclusive
"
							1.6. - 11.6.
							(11 dní)
						",14690,Kreta,43586,Pantour,All Inclusive
"
							2.6. - 9.6.
							(8 dní)
						",10240,Kreta,43586,Pantour,All Inclusive
"
							28.6. - 5.7.
							(8 dní)
						",30600,Kreta,26087,Fischer 1 - cestovní kancelář,Polopenze
"
							28.6. - 5.7.
							(8 dní)
						",35600,Kreta,26087,Fischer 1 - cestovní kancelář,All Inclusive
"
							12.7. - 19.7.
							(8 dní)
						",35840,Kreta,26087,Fischer 1 - cestovní kancelář,Polopenze
"
							7.5. - 21.5.
							(15 dní)
						",31890,Kreta,8710,Fischer 1 - cestovní kancelář,All Inclusive
"
							14.5. - 21.5.
							(8 dní)
						",19320,Kreta,8710,Fischer 1 - cestovní kancelář,All Inclusive
"
							20.5. - 27.5.
							(8 dní)
						",21040,Kreta,8710,Fischer 1 - cestovní kancelář,All Inclusive
"
							28.5. - 4.6.
							(8 dní)
						",18788,Kreta,7994,Neckermann CZ,All Inclusive
"
							28.5. - 4.6.
							(8 dní)
						",16702,Kreta,7994,Neckermann CZ,Polopenze
"
							28.5. - 11.6.
							(15 dní)
						",25610,Kreta,7994,Neckermann CZ,Polopenze
"
							28.5. - 4.6.
							(8 dní)
						",19290,Kreta,8067,Blue Style,All Inclusive
"
							28.5. - 8.6.
							(12 dní)
						",27990,Kreta,8067,Blue Style,All Inclusive
"
							28.5. - 11.6.
							(15 dní)
						",34390,Kreta,8067,Blue Style,All Inclusive
"
							13.5. - 20.5.
							(8 dní)
						",12490,Kreta,7884,Pantour,All Inclusive
"
							16.5. - 26.5.
							(11 dní)
						",16990,Kreta,7884,Pantour,All Inclusive
"
							19.5. - 2.6.
							(15 dní)
						",20190,Kreta,7884,Pantour,All Inclusive
"
							21.5. - 28.5.
							(8 dní)
						",15790,Kreta,50670,Exim Tours,All Inclusive
"
							28.5. - 4.6.
							(8 dní)
						",15790,Kreta,50670,Exim Tours,All Inclusive
"
							28.5. - 11.6.
							(15 dní)
						",22890,Kreta,50670,Exim Tours,All Inclusive
"
							3.6. - 14.6.
							(12 dní)
						",17912,Kreta,9513,TIP travel,All Inclusive
"
							7.6. - 14.6.
							(8 dní)
						",14712,Kreta,9513,TIP travel,All Inclusive
"
							7.6. - 21.6.
							(15 dní)
						",22804,Kreta,9513,Koala Tours SK,All Inclusive
"
							16.4. - 23.4.
							(8 dní)
						",12490,Kreta,100117,Exim Tours,Polopenze
"
							23.4. - 30.4.
							(8 dní)
						",12490,Kreta,100117,Exim Tours,Polopenze
"
							30.4. - 7.5.
							(8 dní)
						",12690,Kreta,100117,Exim Tours,Polopenze
"
							23.4. - 30.4.
							(8 dní)
						",12990,Kreta,54449,Fischer 3 - spec.produkt,All Inclusive
"
							30.4. - 7.5.
							(8 dní)
						",12990,Kreta,54449,Fischer 3 - spec.produkt,All Inclusive
"
							7.5. - 14.5.
							(8 dní)
						",13190,Kreta,54449,Fischer 3 - spec.produkt,All Inclusive
"
							23.4. - 30.4.
							(8 dní)
						",14790,Kreta,98050,Exim Tours,All Inclusive
"
							30.4. - 7.5.
							(8 dní)
						",15090,Kreta,98050,Exim Tours,All Inclusive
"
							30.4. - 14.5.
							(15 dní)
						",21390,Kreta,98050,Exim Tours,All Inclusive
"
							13.5. - 20.5.
							(8 dní)
						",10290,Kreta,108968,Pantour,All Inclusive
"
							16.5. - 26.5.
							(11 dní)
						",13290,Kreta,108968,Pantour,All Inclusive
"
							19.5. - 2.6.
							(15 dní)
						",15090,Kreta,108968,Pantour,All Inclusive
"
							13.5. - 20.5.
							(8 dní)
						",11590,Kreta,87982,Pantour,Polopenze
"
							13.5. - 20.5.
							(8 dní)
						",14290,Kreta,87982,Pantour,All Inclusive
"
							16.5. - 26.5.
							(11 dní)
						",15090,Kreta,87982,Pantour,Polopenze
"
							30.4. - 14.5.
							(15 dní)
						",28490,Kreta,8359,Fischer 1 - cestovní kancelář,Polopenze
"
							30.4. - 14.5.
							(15 dní)
						",39990,Kreta,8359,Fischer 1 - cestovní kancelář,All Inclusive
"
							7.5. - 21.5.
							(15 dní)
						",28490,Kreta,8359,Fischer 1 - cestovní kancelář,Polopenze
"
							5.5. - 12.5.
							(8 dní)
						",15070,Kreta,9731,Greece tours,Snídaně
"
							5.5. - 15.5.
							(11 dní)
						",17570,Kreta,9731,Greece tours,Snídaně
"
							5.5. - 19.5.
							(15 dní)
						",20900,Kreta,9731,Greece tours,Snídaně
"
							13.5. - 20.5.
							(8 dní)
						",9090,Kreta,23359,Pantour,Bez stravy
"
							13.5. - 20.5.
							(8 dní)
						",9890,Kreta,23359,Pantour,Snídaně
"
							13.5. - 20.5.
							(8 dní)
						",11190,Kreta,23359,Pantour,Polopenze
"
							17.5. - 27.5.
							(11 dní)
						",25277,Kreta,9084,Brenna,All Inclusive
"
							20.5. - 27.5.
							(8 dní)
						",21423,Kreta,9084,Brenna,All Inclusive
"
							27.5. - 3.6.
							(8 dní)
						",22739,Kreta,9084,Brenna,All Inclusive
"
							27.5. - 3.6.
							(8 dní)
						",10707,Kreta,9333,Travel 2002,Bez stravy
"
							3.6. - 10.6.
							(8 dní)
						",10707,Kreta,9333,Travel 2002,Bez stravy
"
							7.6. - 17.6.
							(11 dní)
						",11835,Kreta,9333,Travel 2002,Bez stravy
"
							7.5. - 14.5.
							(8 dní)
						",12842,Kreta,8807,Exim Tours,Polopenze
"
							7.5. - 21.5.
							(15 dní)
						",17210,Kreta,8807,Exim Tours,Polopenze
"
							13.5. - 20.5.
							(8 dní)
						",11190,Kreta,8807,Pantour,Polopenze
"
							21.5. - 28.5.
							(8 dní)
						",18990,Kreta,9494,Exim Tours,All Inclusive
"
							28.5. - 4.6.
							(8 dní)
						",18990,Kreta,9494,Exim Tours,All Inclusive
"
							28.5. - 11.6.
							(15 dní)
						",29590,Kreta,9494,Exim Tours,All Inclusive
"
							27.5. - 3.6.
							(8 dní)
						",12493,Kreta,111778,Travel 2002,Bez stravy
"
							3.6. - 10.6.
							(8 dní)
						",11929,Kreta,111778,Travel 2002,Bez stravy
"
							10.6. - 17.6.
							(8 dní)
						",11929,Kreta,111778,Travel 2002,Bez stravy
"
							6.7. - 13.7.
							(8 dní)
						",15651,Kreta,99297,Firo Tour,Bez stravy
"
							6.7. - 20.7.
							(15 dní)
						",21319,Kreta,99297,Firo Tour,Bez stravy
"
							13.7. - 20.7.
							(8 dní)
						",14866,Kreta,99297,Firo Tour,Bez stravy
"
							27.5. - 3.6.
							(8 dní)
						",17287,Kreta,7949,Brenna,Polopenze
"
							27.5. - 7.6.
							(12 dní)
						",23491,Kreta,7949,Brenna,Polopenze
"
							1.6. - 8.6.
							(8 dní)
						",14781,Kreta,7949,Firo Tour,Polopenze
"
							27.5. - 7.6.
							(12 dní)
						",12807,Kreta,70226,Bulgariatour,Bez stravy
"
							3.6. - 10.6.
							(8 dní)
						",10070,Kreta,70226,Bulgariatour,Bez stravy
"
							3.6. - 10.6.
							(8 dní)
						",11390,Kreta,70226,Bulgariatour,Snídaně
"
							16.4. - 23.4.
							(8 dní)
						",15890,Kreta,37065,Exim Tours,All Inclusive
"
							23.4. - 30.4.
							(8 dní)
						",15890,Kreta,37065,Exim Tours,All Inclusive
"
							30.4. - 7.5.
							(8 dní)
						",16090,Kreta,37065,Exim Tours,All Inclusive
"
							17.5. - 27.5.
							(11 dní)
						",15689,Kreta,44845,Brenna,Polopenze
"
							17.5. - 27.5.
							(11 dní)
						",19073,Kreta,44845,Brenna,All Inclusive
"
							20.5. - 27.5.
							(8 dní)
						",13715,Kreta,44845,Brenna,Polopenze
"
							7.5. - 14.5.
							(8 dní)
						",17225,Kreta,29640,Exim Tours,All Inclusive
"
							7.5. - 14.5.
							(8 dní)
						",15122,Kreta,29640,Exim Tours,Polopenze
"
							7.5. - 21.5.
							(15 dní)
						",25693,Kreta,29640,Exim Tours,All Inclusive
"
							28.5. - 4.6.
							(8 dní)
						",12990,Kreta,21936,Blue Style,Polopenze
"
							28.5. - 8.6.
							(12 dní)
						",14990,Kreta,21936,Blue Style,Polopenze
"
							28.5. - 11.6.
							(15 dní)
						",16590,Kreta,21936,Blue Style,Polopenze
"
							27.5. - 3.6.
							(8 dní)
						",17430,Kreta,7886,Fischer 1 - cestovní kancelář,All Inclusive
"
							27.5. - 10.6.
							(15 dní)
						",26180,Kreta,7886,Fischer 1 - cestovní kancelář,All Inclusive
"
							31.5. - 7.6.
							(8 dní)
						",17430,Kreta,7886,Fischer 1 - cestovní kancelář,All Inclusive
"
							3.6. - 14.6.
							(12 dní)
						",18152,Kreta,29966,TIP travel,All Inclusive
"
							7.6. - 14.6.
							(8 dní)
						",14952,Kreta,29966,TIP travel,All Inclusive
"
							7.6. - 21.6.
							(15 dní)
						",23520,Kreta,29966,Koala Tours SK,All Inclusive
"
							28.5. - 8.6.
							(12 dní)
						",18681,Kreta,7911,Alexandria,All Inclusive
"
							1.6. - 8.6.
							(8 dní)
						",16011,Kreta,7911,Alexandria,All Inclusive
"
							4.6. - 11.6.
							(8 dní)
						",16011,Kreta,7911,Alexandria,All Inclusive
"
							13.5. - 20.5.
							(8 dní)
						",16390,Kreta,30719,Pantour,All Inclusive
"
							16.5. - 26.5.
							(11 dní)
						",21890,Kreta,30719,Pantour,All Inclusive
"
							19.5. - 2.6.
							(15 dní)
						",27590,Kreta,30719,Pantour,All Inclusive
"
							30.4. - 7.5.
							(8 dní)
						",14803,Kreta,52042,Inex,All Inclusive
"
							30.4. - 14.5.
							(15 dní)
						",20875,Kreta,52042,Inex,All Inclusive
"
							7.5. - 14.5.
							(8 dní)
						",14803,Kreta,52042,Inex,All Inclusive
"
							27.5. - 3.6.
							(8 dní)
						",16535,Kreta,100549,Travel 2002,All Inclusive
"
							3.6. - 10.6.
							(8 dní)
						",15971,Kreta,100549,Travel 2002,All Inclusive
"
							10.6. - 17.6.
							(8 dní)
						",15971,Kreta,100549,Travel 2002,All Inclusive
"
							14.5. - 21.5.
							(8 dní)
						",12280,Kreta,7951,Fischer 1 - cestovní kancelář,All Inclusive
"
							20.5. - 3.6.
							(15 dní)
						",17780,Kreta,7951,Fischer 1 - cestovní kancelář,All Inclusive
"
							27.5. - 3.6.
							(8 dní)
						",12280,Kreta,7951,Fischer 1 - cestovní kancelář,All Inclusive
"
							27.5. - 3.6.
							(8 dní)
						",13920,Kreta,8745,My Planet (Travel Planet),All Inclusive
"
							31.5. - 10.6.
							(11 dní)
						",17192,Kreta,8745,Čedok,All Inclusive
"
							3.6. - 10.6.
							(8 dní)
						",13460,Kreta,8745,My Planet (Travel Planet),All Inclusive
"
							10.6. - 17.6.
							(8 dní)
						",23809,Kreta,8055,Firo-tour SK,All Inclusive
"
							18.6. - 25.6.
							(8 dní)
						",27292,Kreta,8055,Firo Tour,All Inclusive
"
							2.7. - 9.7.
							(8 dní)
						",31746,Kreta,8055,Firo Tour,All Inclusive
"
							28.5. - 4.6.
							(8 dní)
						",22681,Kreta,29161,Neckermann CZ,All Inclusive
"
							28.5. - 11.6.
							(15 dní)
						",36967,Kreta,29161,Neckermann CZ,All Inclusive
"
							4.6. - 11.6.
							(8 dní)
						",23490,Kreta,29161,Neckermann CZ,All Inclusive
"
							14.4. - 21.4.
							(8 dní)
						",25319,Kreta,36900,Solartour SK,All Inclusive
"
							14.4. - 21.4.
							(8 dní)
						",22368,Kreta,36900,Solartour SK,Polopenze
"
							14.4. - 21.4.
							(8 dní)
						",20766,Kreta,36900,Solartour SK,Snídaně
"
							30.4. - 7.5.
							(8 dní)
						",21611,Kreta,8198,Inex,All Inclusive
"
							30.4. - 14.5.
							(15 dní)
						",34583,Kreta,8198,Inex,All Inclusive
"
							7.5. - 14.5.
							(8 dní)
						",21611,Kreta,8198,Inex,All Inclusive
"
							9.4. - 16.4.
							(8 dní)
						",17190,Kreta,8899,Exim Tours,All Inclusive
"
							9.4. - 23.4.
							(15 dní)
						",25690,Kreta,8899,Exim Tours,All Inclusive
"
							16.4. - 23.4.
							(8 dní)
						",17190,Kreta,8899,Exim Tours,All Inclusive
"
							9.4. - 16.4.
							(8 dní)
						",18390,Kreta,9050,Exim Tours,All Inclusive
"
							9.4. - 23.4.
							(15 dní)
						",27990,Kreta,9050,Exim Tours,All Inclusive
"
							16.4. - 23.4.
							(8 dní)
						",18390,Kreta,9050,Exim Tours,All Inclusive
"
							9.4. - 16.4.
							(8 dní)
						",13490,Kreta,104777,Fischer 1 - cestovní kancelář,All Inclusive
"
							16.4. - 23.4.
							(8 dní)
						",13490,Kreta,104777,Fischer 1 - cestovní kancelář,All Inclusive
"
							23.4. - 30.4.
							(8 dní)
						",12990,Kreta,104777,Fischer 1 - cestovní kancelář,All Inclusive
"
							1.6. - 8.6.
							(8 dní)
						",10580,Kreta,104470,Pantour,All Inclusive
"
							1.6. - 11.6.
							(11 dní)
						",14190,Kreta,104470,Pantour,All Inclusive
"
							2.6. - 9.6.
							(8 dní)
						",10580,Kreta,104470,Pantour,All Inclusive
"
							30.4. - 7.5.
							(8 dní)
						",15539,Kreta,25804,Inex,All Inclusive
"
							30.4. - 14.5.
							(15 dní)
						",22255,Kreta,25804,Inex,All Inclusive
"
							7.5. - 14.5.
							(8 dní)
						",15539,Kreta,25804,Inex,All Inclusive
"
							21.5. - 28.5.
							(8 dní)
						",12990,Kreta,34402,Electra Tours,All Inclusive
"
							21.5. - 28.5.
							(8 dní)
						",12550,Kreta,34402,Electra Tours,Polopenze
"
							27.5. - 3.6.
							(8 dní)
						",13140,Kreta,34402,My Planet (Travel Planet),All Inclusive
"
							17.5. - 27.5.
							(11 dní)
						",12117,Kreta,107155,Brenna,Bez stravy
"
							20.5. - 27.5.
							(8 dní)
						",11083,Kreta,107155,Brenna,Bez stravy
"
							27.5. - 3.6.
							(8 dní)
						",11083,Kreta,107155,Brenna,Bez stravy
"
							27.5. - 3.6.
							(8 dní)
						",15111,Kreta,7635,Viamare,Polopenze
"
							27.5. - 10.6.
							(15 dní)
						",21141,Kreta,7635,Viamare,Polopenze
"
							3.6. - 10.6.
							(8 dní)
						",15111,Kreta,7635,Viamare,Polopenze
"
							5.5. - 12.5.
							(8 dní)
						",20790,Kreta,52977,Greece tours,Polopenze
"
							5.5. - 15.5.
							(11 dní)
						",25050,Kreta,52977,Greece tours,Polopenze
"
							5.5. - 19.5.
							(15 dní)
						",32220,Kreta,52977,Greece tours,Polopenze
"
							31.5. - 7.6.
							(8 dní)
						",17020,Kreta,9053,Fischer 1 - cestovní kancelář,Polopenze
"
							31.5. - 7.6.
							(8 dní)
						",21020,Kreta,9053,Fischer 1 - cestovní kancelář,All Inclusive
"
							31.5. - 14.6.
							(15 dní)
						",27100,Kreta,9053,Fischer 1 - cestovní kancelář,Polopenze
"
							27.5. - 3.6.
							(8 dní)
						",14279,Kreta,88106,Travel 2002,Polopenze
"
							9.9. - 16.9.
							(8 dní)
						",15971,Kreta,88106,Brenna,Polopenze
"
							9.9. - 20.9.
							(12 dní)
						",19449,Kreta,88106,Brenna,Polopenze
"
							27.5. - 3.6.
							(8 dní)
						",11151,Kreta,34610,Viamare,Bez stravy
"
							3.6. - 10.6.
							(8 dní)
						",11961,Kreta,34610,Viamare,Bez stravy
"
							17.6. - 24.6.
							(8 dní)
						",11691,Kreta,34610,Viamare,Bez stravy
"
							27.5. - 10.6.
							(15 dní)
						",13941,Kreta,9222,KM Travel (Tvarbet Moravia),Bez stravy
"
							1.6. - 10.6.
							(10 dní)
						",12411,Kreta,9222,KM Travel (Tvarbet Moravia),Bez stravy
"
							10.6. - 21.6.
							(12 dní)
						",13041,Kreta,9222,KM Travel (Tvarbet Moravia),Bez stravy
"
							27.5. - 3.6.
							(8 dní)
						",16441,Kreta,23969,Travel 2002,All Inclusive
"
							27.5. - 3.6.
							(8 dní)
						",14561,Kreta,23969,Travel 2002,Polopenze
"
							3.6. - 10.6.
							(8 dní)
						",16441,Kreta,23969,Travel 2002,All Inclusive
"
							31.5. - 7.6.
							(8 dní)
						",19131,Kreta,36898,Čedok,All Inclusive
"
							31.5. - 10.6.
							(11 dní)
						",24786,Kreta,36898,Čedok,All Inclusive
"
							3.6. - 10.6.
							(8 dní)
						",21084,Kreta,36898,Bulgariatour,All Inclusive
"
							13.5. - 20.5.
							(8 dní)
						",11890,Kreta,21273,Pantour,All Inclusive
"
							16.5. - 26.5.
							(11 dní)
						",15890,Kreta,21273,Pantour,All Inclusive
"
							17.5. - 27.5.
							(11 dní)
						",16535,Kreta,21273,Brenna,All Inclusive
"
							13.5. - 20.5.
							(8 dní)
						",17865,Kreta,9539,Greece tours,Snídaně
"
							13.5. - 27.5.
							(15 dní)
						",25127,Kreta,9539,Greece tours,Snídaně
"
							14.5. - 21.5.
							(8 dní)
						",12150,Kreta,9539,Fischer 3 - spec.produkt,Polopenze
"
							14.5. - 21.5.
							(8 dní)
						",11360,Kreta,8550,Fischer 3 - spec.produkt,All Inclusive
"
							14.5. - 21.5.
							(8 dní)
						",10440,Kreta,8550,Fischer 3 - spec.produkt,Polopenze
"
							20.5. - 27.5.
							(8 dní)
						",11860,Kreta,8550,Fischer 3 - spec.produkt,All Inclusive
"
							13.5. - 20.5.
							(8 dní)
						",11090,Kreta,106407,Pantour,Polopenze
"
							16.5. - 26.5.
							(11 dní)
						",14390,Kreta,106407,Pantour,Polopenze
"
							19.5. - 2.6.
							(15 dní)
						",16490,Kreta,106407,Pantour,Polopenze
"
							28.5. - 4.6.
							(8 dní)
						",16966,Kreta,7948,Alexandria,Snídaně
"
							2.7. - 9.7.
							(8 dní)
						",17361,Kreta,7948,Alexandria,Snídaně
"
							2.7. - 13.7.
							(12 dní)
						",20671,Kreta,7948,Alexandria,Snídaně
"
							13.5. - 20.5.
							(8 dní)
						",16390,Kreta,8588,Pantour,All Inclusive
"
							16.5. - 26.5.
							(11 dní)
						",21890,Kreta,8588,Pantour,All Inclusive
"
							19.5. - 2.6.
							(15 dní)
						",27190,Kreta,8588,Pantour,All Inclusive
"
							7.5. - 14.5.
							(8 dní)
						",11990,Kreta,100479,Fischer 3 - spec.produkt,All Inclusive
"
							13.5. - 20.5.
							(8 dní)
						",11690,Kreta,100479,Pantour,All Inclusive
"
							14.5. - 21.5.
							(8 dní)
						",11380,Kreta,100479,Fischer 3 - spec.produkt,All Inclusive
"
							21.5. - 28.5.
							(8 dní)
						",12650,Kreta,37843,Electra Tours,Snídaně
"
							21.5. - 28.5.
							(8 dní)
						",11550,Kreta,37843,Electra Tours,Bez stravy
"
							28.5. - 4.6.
							(8 dní)
						",14290,Kreta,37843,Electra Tours,Snídaně
"
							21.5. - 28.5.
							(8 dní)
						",16592,Kreta,105637,Čedok,All Inclusive
"
							28.5. - 4.6.
							(8 dní)
						",16592,Kreta,105637,Čedok,All Inclusive
"
							1.6. - 8.6.
							(8 dní)
						",18169,Kreta,105637,Čedok,All Inclusive
"
							16.4. - 23.4.
							(8 dní)
						",14490,Kreta,27656,Exim Tours,Polopenze
"
							16.4. - 23.4.
							(8 dní)
						",19080,Kreta,27656,Exim Tours,All Inclusive
"
							23.4. - 30.4.
							(8 dní)
						",14490,Kreta,27656,Exim Tours,Polopenze
"
							6.5. - 13.5.
							(8 dní)
						",16480,Kreta,25809,Greece tours,Snídaně
"
							6.5. - 20.5.
							(15 dní)
						",22570,Kreta,25809,Greece tours,Snídaně
"
							13.5. - 20.5.
							(8 dní)
						",11390,Kreta,25809,Pantour,Snídaně
"
							23.4. - 30.4.
							(8 dní)
						",24070,Kreta,31225,Exim Tours,All Inclusive
"
							23.4. - 30.4.
							(8 dní)
						",19480,Kreta,31225,Exim Tours,Polopenze
"
							30.4. - 7.5.
							(8 dní)
						",19880,Kreta,31225,Exim Tours,Polopenze
"
							14.5. - 21.5.
							(8 dní)
						",14752,Kreta,8166,Firo Tour,All Inclusive
"
							21.5. - 28.5.
							(8 dní)
						",16392,Kreta,8166,Firo Tour,All Inclusive
"
							21.5. - 4.6.
							(15 dní)
						",26221,Kreta,8166,Firo Tour,All Inclusive
"
							21.5. - 28.5.
							(8 dní)
						",14750,Kreta,9721,Electra Tours,All Inclusive
"
							27.5. - 3.6.
							(8 dní)
						",15090,Kreta,9721,My Planet (Travel Planet),All Inclusive
"
							28.5. - 4.6.
							(8 dní)
						",15990,Kreta,9721,Electra Tours,All Inclusive
"
							31.5. - 7.6.
							(8 dní)
						",17191,Kreta,8676,Čedok,All Inclusive
"
							31.5. - 10.6.
							(11 dní)
						",23211,Kreta,8676,Čedok,All Inclusive
"
							3.6. - 10.6.
							(8 dní)
						",18051,Kreta,8676,Čedok,All Inclusive
"
							1.6. - 8.6.
							(8 dní)
						",12796,Kreta,9223,Alexandria,Bez stravy
"
							1.6. - 11.6.
							(11 dní)
						",14081,Kreta,9223,Alexandria,Bez stravy
"
							8.6. - 15.6.
							(8 dní)
						",12796,Kreta,9223,Alexandria,Bez stravy
"
							21.4. - 26.4.
							(6 dní)
						",20502,Kreta,50183,Neckermann CZ,All Inclusive
"
							21.4. - 28.4.
							(8 dní)
						",14571,Kreta,50183,Neckermann CZ,All Inclusive
"
							21.4. - 1.5.
							(11 dní)
						",16937,Kreta,50183,Neckermann CZ,All Inclusive
"
							30.4. - 7.5.
							(8 dní)
						",19495,Kreta,50476,Inex,All Inclusive
"
							30.4. - 14.5.
							(15 dní)
						",30351,Kreta,50476,Inex,All Inclusive
"
							7.5. - 14.5.
							(8 dní)
						",17470,Kreta,50476,Exim Tours,All Inclusive
"
							1.6. - 11.6.
							(11 dní)
						",23951,Kreta,38182,Alexandria,All Inclusive
"
							4.6. - 11.6.
							(8 dní)
						",18901,Kreta,38182,Alexandria,All Inclusive
"
							8.6. - 15.6.
							(8 dní)
						",20681,Kreta,38182,Alexandria,All Inclusive
"
							28.5. - 4.6.
							(8 dní)
						",14031,Kreta,29965,Alexandria,Polopenze
"
							28.5. - 8.6.
							(12 dní)
						",15731,Kreta,29965,Alexandria,Polopenze
"
							28.5. - 11.6.
							(15 dní)
						",17836,Kreta,29965,Alexandria,Polopenze
"
							13.5. - 20.5.
							(8 dní)
						",11680,Kreta,107876,Pantour,All Inclusive
"
							13.5. - 20.5.
							(8 dní)
						",8790,Kreta,107876,Pantour,Bez stravy
"
							16.5. - 26.5.
							(11 dní)
						",15090,Kreta,107876,Pantour,All Inclusive
"
							14.5. - 21.5.
							(8 dní)
						",10270,Kreta,33146,Fischer 1 - cestovní kancelář,Bez stravy
"
							20.5. - 3.6.
							(15 dní)
						",11970,Kreta,33146,Fischer 1 - cestovní kancelář,Bez stravy
"
							27.5. - 3.6.
							(8 dní)
						",10740,Kreta,33146,Fischer 1 - cestovní kancelář,Bez stravy
"
							30.4. - 7.5.
							(8 dní)
						",15263,Kreta,76697,Inex,All Inclusive
"
							30.4. - 14.5.
							(15 dní)
						",22715,Kreta,76697,Inex,All Inclusive
"
							7.5. - 14.5.
							(8 dní)
						",10650,Kreta,76697,Fischer 1 - cestovní kancelář,All Inclusive
"
							27.5. - 3.6.
							(8 dní)
						",11730,Kreta,109453,My Planet (Travel Planet),All Inclusive
"
							3.6. - 10.6.
							(8 dní)
						",11270,Kreta,109453,My Planet (Travel Planet),All Inclusive
"
							7.6. - 14.6.
							(8 dní)
						",11730,Kreta,109453,My Planet (Travel Planet),All Inclusive
"
							21.5. - 28.5.
							(8 dní)
						",9713,Kreta,103915,Čedok,Bez stravy
"
							28.5. - 4.6.
							(8 dní)
						",9713,Kreta,103915,Čedok,Bez stravy
"
							1.6. - 8.6.
							(8 dní)
						",9713,Kreta,103915,Čedok,Bez stravy
"
							30.4. - 7.5.
							(8 dní)
						",30810,Kreta,7974,Fischer 1 - cestovní kancelář,Snídaně
"
							30.4. - 14.5.
							(15 dní)
						",88490,Kreta,7974,Fischer 1 - cestovní kancelář,Polopenze
"
							30.4. - 14.5.
							(15 dní)
						",68490,Kreta,7974,Fischer 1 - cestovní kancelář,Snídaně
"
							27.5. - 3.6.
							(8 dní)
						",27470,Kreta,84245,Greece tours,Polopenze
"
							27.5. - 10.6.
							(15 dní)
						",46060,Kreta,84245,Greece tours,Polopenze
"
							31.5. - 7.6.
							(8 dní)
						",22050,Kreta,84245,Fischer 1 - cestovní kancelář,Polopenze
"
							3.6. - 14.6.
							(12 dní)
						",13491,Kreta,34607,Viamare,Bez stravy
"
							14.6. - 24.6.
							(11 dní)
						",13491,Kreta,34607,Viamare,Bez stravy
"
							24.6. - 5.7.
							(12 dní)
						",14931,Kreta,34607,Viamare,Bez stravy
"
							9.4. - 16.4.
							(8 dní)
						",24490,Kreta,72314,Fischer 1 - cestovní kancelář,All Inclusive
"
							16.4. - 23.4.
							(8 dní)
						",24490,Kreta,72314,Fischer 1 - cestovní kancelář,All Inclusive
"
							23.4. - 30.4.
							(8 dní)
						",21490,Kreta,72314,Fischer 1 - cestovní kancelář,All Inclusive
"
							21.5. - 28.5.
							(8 dní)
						",16991,Kreta,21808,Firo Tour,All Inclusive
"
							21.5. - 4.6.
							(15 dní)
						",26479,Kreta,21808,Firo Tour,All Inclusive
"
							28.5. - 4.6.
							(8 dní)
						",18691,Kreta,21808,Firo Tour,All Inclusive
"
							27.5. - 3.6.
							(8 dní)
						",17640,Kreta,27657,My Planet (Travel Planet),All Inclusive
"
							31.5. - 7.6.
							(8 dní)
						",18681,Kreta,27657,Čedok,All Inclusive
"
							31.5. - 10.6.
							(11 dní)
						",24741,Kreta,27657,Čedok,All Inclusive
"
							31.5. - 7.6.
							(8 dní)
						",14290,Kreta,7568,Fischer 3 - spec.produkt,All Inclusive
"
							3.6. - 10.6.
							(8 dní)
						",16347,Kreta,7568,Brenna,All Inclusive
"
							3.6. - 14.6.
							(12 dní)
						",20389,Kreta,7568,Brenna,All Inclusive
"
							27.5. - 3.6.
							(8 dní)
						",10880,Kreta,7950,My Planet (Travel Planet),All Inclusive
"
							27.5. - 7.6.
							(12 dní)
						",19125,Kreta,7950,VTT,All Inclusive
"
							3.6. - 10.6.
							(8 dní)
						",11010,Kreta,7950,My Planet (Travel Planet),All Inclusive
"
							16.4. - 23.4.
							(8 dní)
						",14290,Kreta,9558,Exim Tours,Polopenze
"
							16.4. - 23.4.
							(8 dní)
						",18880,Kreta,9558,Exim Tours,All Inclusive
"
							23.4. - 30.4.
							(8 dní)
						",14290,Kreta,9558,Exim Tours,Polopenze
"
							14.5. - 21.5.
							(8 dní)
						",12690,Kreta,102734,Fischer 3 - spec.produkt,Polopenze
"
							20.5. - 27.5.
							(8 dní)
						",12690,Kreta,102734,Fischer 3 - spec.produkt,Polopenze
"
							27.5. - 3.6.
							(8 dní)
						",12890,Kreta,102734,Fischer 3 - spec.produkt,Polopenze
"
							26.5. - 6.6.
							(12 dní)
						",12390,Kreta,8947,Pantour,Snídaně
"
							27.5. - 3.6.
							(8 dní)
						",9490,Kreta,8947,Pantour,Snídaně
"
							28.5. - 4.6.
							(8 dní)
						",10754,Kreta,8947,Exim Tours,Snídaně
"
							27.5. - 3.6.
							(8 dní)
						",17410,Kreta,84047,My Planet (Travel Planet),All Inclusive
"
							2.6. - 9.6.
							(8 dní)
						",15690,Kreta,84047,Fischer 1 - cestovní kancelář,All Inclusive
"
							3.6. - 10.6.
							(8 dní)
						",15690,Kreta,84047,Fischer 1 - cestovní kancelář,All Inclusive
"
							23.4. - 30.4.
							(8 dní)
						",18490,Kreta,58017,Exim Tours,All Inclusive
"
							30.4. - 7.5.
							(8 dní)
						",16990,Kreta,58017,Fischer 1 - cestovní kancelář,All Inclusive
"
							30.4. - 14.5.
							(15 dní)
						",28690,Kreta,58017,Exim Tours,All Inclusive
"
							13.5. - 20.5.
							(8 dní)
						",12590,Kreta,26143,Pantour,All Inclusive
"
							14.5. - 21.5.
							(8 dní)
						",12060,Kreta,26143,Fischer 3 - spec.produkt,All Inclusive
"
							16.5. - 26.5.
							(11 dní)
						",17290,Kreta,26143,Pantour,All Inclusive
"
							7.5. - 14.5.
							(8 dní)
						",10690,Kreta,24791,Fischer 3 - spec.produkt,Snídaně
"
							7.5. - 14.5.
							(8 dní)
						",11990,Kreta,24791,Fischer 3 - spec.produkt,Polopenze
"
							7.5. - 14.5.
							(8 dní)
						",13890,Kreta,24791,Fischer 3 - spec.produkt,All Inclusive
"
							7.6. - 14.6.
							(8 dní)
						",12951,Kreta,8074,Viamare,Polopenze
"
							7.6. - 17.6.
							(11 dní)
						",15291,Kreta,8074,Viamare,Polopenze
"
							7.6. - 21.6.
							(15 dní)
						",17271,Kreta,8074,Viamare,Polopenze
"
							14.5. - 21.5.
							(8 dní)
						",12990,Kreta,21955,Fischer 3 - spec.produkt,All Inclusive
"
							20.5. - 27.5.
							(8 dní)
						",12990,Kreta,21955,Fischer 3 - spec.produkt,All Inclusive
"
							26.5. - 6.6.
							(12 dní)
						",17390,Kreta,21955,Pantour,All Inclusive
"
							21.5. - 28.5.
							(8 dní)
						",14480,Kreta,104088,Exim Tours,All Inclusive
"
							21.5. - 28.5.
							(8 dní)
						",13090,Kreta,104088,Exim Tours,Polopenze
"
							28.5. - 4.6.
							(8 dní)
						",14480,Kreta,104088,Exim Tours,All Inclusive
"
							1.6. - 8.6.
							(8 dní)
						",9090,Kreta,8620,Pantour,Snídaně
"
							1.6. - 8.6.
							(8 dní)
						",11690,Kreta,8620,Pantour,Polopenze
"
							1.6. - 11.6.
							(11 dní)
						",11690,Kreta,8620,Pantour,Snídaně
"
							7.5. - 14.5.
							(8 dní)
						",12360,Kreta,8290,Fischer 3 - spec.produkt,All Inclusive
"
							14.5. - 21.5.
							(8 dní)
						",12360,Kreta,8290,Fischer 3 - spec.produkt,All Inclusive
"
							20.5. - 27.5.
							(8 dní)
						",12360,Kreta,8290,Fischer 3 - spec.produkt,All Inclusive
"
							27.5. - 3.6.
							(8 dní)
						",13690,Kreta,105922,My Planet (Travel Planet),All Inclusive
"
							27.5. - 3.6.
							(8 dní)
						",12410,Kreta,105922,My Planet (Travel Planet),Polopenze
"
							3.6. - 10.6.
							(8 dní)
						",14830,Kreta,105922,My Planet (Travel Planet),All Inclusive
"
							14.5. - 21.5.
							(8 dní)
						",14900,Kreta,79484,Fischer 1 - cestovní kancelář,All Inclusive
"
							20.5. - 3.6.
							(15 dní)
						",20260,Kreta,79484,Fischer 1 - cestovní kancelář,All Inclusive
"
							27.5. - 3.6.
							(8 dní)
						",15080,Kreta,79484,Fischer 1 - cestovní kancelář,All Inclusive
"
							21.5. - 28.5.
							(8 dní)
						",11690,Kreta,99049,Electra Tours,All Inclusive
"
							28.5. - 4.6.
							(8 dní)
						",12950,Kreta,99049,Electra Tours,All Inclusive
"
							1.6. - 4.6.
							(4 dny)
						",9890,Kreta,99049,Electra Tours,All Inclusive
"
							3.6. - 10.6.
							(8 dní)
						",20389,Kreta,50757,Brenna,All Inclusive
"
							3.6. - 14.6.
							(12 dní)
						",26687,Kreta,50757,Brenna,All Inclusive
"
							10.6. - 17.6.
							(8 dní)
						",20389,Kreta,50757,Brenna,All Inclusive
"
							13.5. - 20.5.
							(8 dní)
						",22990,Kreta,111480,Pantour,All Inclusive
"
							13.5. - 20.5.
							(8 dní)
						",20490,Kreta,111480,Pantour,Polopenze
"
							16.5. - 26.5.
							(11 dní)
						",31090,Kreta,111480,Pantour,All Inclusive
"
							5.5. - 12.5.
							(8 dní)
						",20910,Kreta,8066,Greece tours,Polopenze
"
							5.5. - 15.5.
							(11 dní)
						",26250,Kreta,8066,Greece tours,Polopenze
"
							5.5. - 19.5.
							(15 dní)
						",34030,Kreta,8066,Greece tours,Polopenze
"
							13.5. - 20.5.
							(8 dní)
						",10990,Kreta,108560,Pantour,Snídaně
"
							13.5. - 20.5.
							(8 dní)
						",10090,Kreta,108560,Pantour,Bez stravy
"
							13.5. - 20.5.
							(8 dní)
						",12690,Kreta,108560,Pantour,Polopenze
"
							30.4. - 7.5.
							(8 dní)
						",15490,Kreta,36868,Exim Tours,Polopenze
"
							30.4. - 7.5.
							(8 dní)
						",19280,Kreta,36868,Exim Tours,All Inclusive
"
							30.4. - 14.5.
							(15 dní)
						",21690,Kreta,36868,Exim Tours,Polopenze
"
							21.5. - 28.5.
							(8 dní)
						",9590,Kreta,100013,Electra Tours,Snídaně
"
							21.5. - 28.5.
							(8 dní)
						",8790,Kreta,100013,Electra Tours,Bez stravy
"
							25.6. - 2.7.
							(8 dní)
						",11250,Kreta,100013,Electra Tours,Snídaně
"
							31.5. - 10.6.
							(11 dní)
						",12321,Kreta,107855,Viamare,Bez stravy
"
							10.6. - 21.6.
							(12 dní)
						",13131,Kreta,107855,Viamare,Bez stravy
"
							21.6. - 1.7.
							(11 dní)
						",13941,Kreta,107855,Viamare,Bez stravy
"
							8.7. - 19.7.
							(12 dní)
						",23885,Kreta,28446,VTT,Polopenze
"
							19.7. - 29.7.
							(11 dní)
						",23572,Kreta,28446,VTT,Polopenze
"
							29.7. - 9.8.
							(12 dní)
						",24080,Kreta,28446,VTT,Polopenze
"
							30.4. - 7.5.
							(8 dní)
						",21979,Kreta,29326,Inex,Polopenze
"
							30.4. - 14.5.
							(15 dní)
						",35779,Kreta,29326,Inex,Polopenze
"
							5.5. - 12.5.
							(8 dní)
						",23620,Kreta,29326,Greece tours,Polopenze
"
							27.5. - 3.6.
							(8 dní)
						",28270,Kreta,36905,Greece tours,Snídaně
"
							27.5. - 10.6.
							(15 dní)
						",45200,Kreta,36905,Greece tours,Snídaně
"
							3.6. - 10.6.
							(8 dní)
						",28270,Kreta,36905,Greece tours,Snídaně
"
							13.5. - 20.5.
							(8 dní)
						",15590,Kreta,50363,Pantour,Polopenze
"
							16.5. - 26.5.
							(11 dní)
						",21490,Kreta,50363,Pantour,Polopenze
"
							19.5. - 2.6.
							(15 dní)
						",26690,Kreta,50363,Pantour,Polopenze
"
							16.5. - 26.5.
							(11 dní)
						",14090,Kreta,8247,Pantour,Snídaně
"
							19.5. - 2.6.
							(15 dní)
						",16190,Kreta,8247,Pantour,Snídaně
"
							20.5. - 27.5.
							(8 dní)
						",10990,Kreta,8247,Pantour,Snídaně
"
							31.5. - 7.6.
							(8 dní)
						",23910,Kreta,94250,Fischer 1 - cestovní kancelář,Ultra All inclusive
"
							31.5. - 7.6.
							(8 dní)
						",20910,Kreta,94250,Fischer 1 - cestovní kancelář,All Inclusive
"
							31.5. - 14.6.
							(15 dní)
						",40690,Kreta,94250,Fischer 1 - cestovní kancelář,Ultra All inclusive
"
							14.5. - 21.5.
							(8 dní)
						",16990,Kreta,49739,Fischer 1 - cestovní kancelář,Polopenze
"
							14.5. - 21.5.
							(8 dní)
						",23990,Kreta,49739,Fischer 1 - cestovní kancelář,All Inclusive
"
							20.5. - 3.6.
							(15 dní)
						",33600,Kreta,49739,Fischer 1 - cestovní kancelář,Polopenze
"
							31.5. - 7.6.
							(8 dní)
						",22350,Kreta,8563,Fischer 1 - cestovní kancelář,All Inclusive
"
							31.5. - 14.6.
							(15 dní)
						",35460,Kreta,8563,Fischer 1 - cestovní kancelář,All Inclusive
"
							7.6. - 14.6.
							(8 dní)
						",22350,Kreta,8563,Fischer 1 - cestovní kancelář,All Inclusive
"
							13.5. - 20.5.
							(8 dní)
						",13590,Kreta,36538,Pantour,Polopenze
"
							13.5. - 20.5.
							(8 dní)
						",16690,Kreta,36538,Pantour,All Inclusive
"
							16.5. - 26.5.
							(11 dní)
						",24190,Kreta,36538,Pantour,All Inclusive
"
							3.6. - 10.6.
							(8 dní)
						",18147,Kreta,55059,Bulgariatour,Polopenze
"
							7.6. - 17.6.
							(11 dní)
						",22152,Kreta,55059,Bulgariatour,Polopenze
"
							10.6. - 17.6.
							(8 dní)
						",18147,Kreta,55059,Bulgariatour,Polopenze
"
							21.5. - 28.5.
							(8 dní)
						",23890,Kreta,70700,Electra Tours,All Inclusive
"
							27.5. - 3.6.
							(8 dní)
						",24920,Kreta,70700,My Planet (Travel Planet),All Inclusive
"
							28.5. - 4.6.
							(8 dní)
						",24450,Kreta,70700,Electra Tours,All Inclusive
"
							22.6. - 29.6.
							(8 dní)
						",14866,Kreta,84342,Firo Tour,Polopenze
"
							22.6. - 6.7.
							(15 dní)
						",21921,Kreta,84342,Firo Tour,Polopenze
"
							29.6. - 6.7.
							(8 dní)
						",16141,Kreta,84342,Firo Tour,Polopenze
"
							13.5. - 20.5.
							(8 dní)
						",12090,Kreta,30571,Pantour,Polopenze
"
							16.5. - 26.5.
							(11 dní)
						",16690,Kreta,30571,Pantour,Polopenze
"
							19.5. - 2.6.
							(15 dní)
						",20490,Kreta,30571,Pantour,Polopenze
"
							3.6. - 10.6.
							(8 dní)
						",21420,Kreta,28281,VTT,Polopenze
"
							3.6. - 10.6.
							(8 dní)
						",26095,Kreta,28281,VTT,All Inclusive
"
							7.6. - 14.6.
							(8 dní)
						",21420,Kreta,28281,VTT,Polopenze
"
							3.6. - 10.6.
							(8 dní)
						",15121,Kreta,26553,Bulgariatour,Snídaně
"
							7.6. - 17.6.
							(11 dní)
						",16901,Kreta,26553,Bulgariatour,Snídaně
"
							10.6. - 17.6.
							(8 dní)
						",15121,Kreta,26553,Bulgariatour,Snídaně
"
							6.5. - 13.5.
							(8 dní)
						",9990,Kreta,100976,Greece tours,Bez stravy
"
							6.5. - 20.5.
							(15 dní)
						",15400,Kreta,100976,Greece tours,Bez stravy
"
							13.5. - 20.5.
							(8 dní)
						",9990,Kreta,100976,Greece tours,Bez stravy
"
							31.5. - 10.6.
							(11 dní)
						",11892,Kreta,69673,Viamare,Bez stravy
"
							21.6. - 1.7.
							(11 dní)
						",14211,Kreta,69673,Viamare,Bez stravy
"
							1.7. - 12.7.
							(12 dní)
						",15291,Kreta,69673,Viamare,Bez stravy
"
							7.6. - 14.6.
							(8 dní)
						",11691,Kreta,84313,Viamare,Bez stravy
"
							7.6. - 17.6.
							(11 dní)
						",12591,Kreta,84313,Viamare,Bez stravy
"
							7.6. - 21.6.
							(15 dní)
						",14841,Kreta,84313,Viamare,Bez stravy
"
							13.5. - 20.5.
							(8 dní)
						",12290,Kreta,46469,Pantour,Polopenze
"
							16.5. - 26.5.
							(11 dní)
						",16090,Kreta,46469,Pantour,Polopenze
"
							19.5. - 2.6.
							(15 dní)
						",18790,Kreta,46469,Pantour,Polopenze
"
							3.6. - 10.6.
							(8 dní)
						",23689,Kreta,69990,Hydrotour SK,All Inclusive
"
							8.6. - 15.6.
							(8 dní)
						",18852,Kreta,69990,Firo Tour,All Inclusive
"
							8.6. - 22.6.
							(15 dní)
						",31639,Kreta,69990,Firo Tour,All Inclusive
"
							13.5. - 20.5.
							(8 dní)
						",12390,Kreta,21454,Pantour,Snídaně
"
							13.5. - 20.5.
							(8 dní)
						",13190,Kreta,21454,Pantour,Polopenze
"
							16.5. - 26.5.
							(11 dní)
						",16090,Kreta,21454,Pantour,Snídaně
"
							30.4. - 7.5.
							(8 dní)
						",14690,Kreta,87950,Exim Tours,Polopenze
"
							30.4. - 14.5.
							(15 dní)
						",20290,Kreta,87950,Exim Tours,Polopenze
"
							7.5. - 14.5.
							(8 dní)
						",13982,Kreta,87950,Exim Tours,Polopenze
"
							7.6. - 14.6.
							(8 dní)
						",16271,Kreta,8091,Kovotour,Polopenze
"
							14.6. - 21.6.
							(8 dní)
						",16447,Kreta,8091,Kovotour,Polopenze
"
							21.6. - 28.6.
							(8 dní)
						",16447,Kreta,8091,Kovotour,Polopenze
"
							9.7. - 16.7.
							(8 dní)
						",16250,Kreta,53141,Electra Tours,Polopenze
"
							16.7. - 23.7.
							(8 dní)
						",16250,Kreta,53141,Electra Tours,Polopenze
"
							23.7. - 30.7.
							(8 dní)
						",16250,Kreta,53141,Electra Tours,Polopenze
"
							28.5. - 4.6.
							(8 dní)
						",14231,Kreta,9743,Alexandria,Polopenze
"
							28.5. - 8.6.
							(12 dní)
						",15121,Kreta,9743,Alexandria,Polopenze
"
							1.6. - 8.6.
							(8 dní)
						",14231,Kreta,9743,Alexandria,Polopenze
"
							14.5. - 21.5.
							(8 dní)
						",12600,Kreta,36540,Fischer 3 - spec.produkt,Polopenze
"
							20.5. - 27.5.
							(8 dní)
						",12600,Kreta,36540,Fischer 3 - spec.produkt,Polopenze
"
							20.5. - 3.6.
							(15 dní)
						",17190,Kreta,36540,Fischer 3 - spec.produkt,Polopenze
"
							9.9. - 20.9.
							(12 dní)
						",21845,Kreta,36833,VTT,Polopenze
"
							20.9. - 30.9.
							(11 dní)
						",15895,Kreta,36833,VTT,Polopenze
"
							28.5. - 4.6.
							(8 dní)
						",14290,Kreta,108253,Blue Style,Snídaně
"
							28.5. - 4.6.
							(8 dní)
						",15890,Kreta,108253,Blue Style,All Inclusive
"
							28.5. - 4.6.
							(8 dní)
						",14990,Kreta,108253,Blue Style,Polopenze
"
							14.5. - 21.5.
							(8 dní)
						",17120,Kreta,28627,Fischer 1 - cestovní kancelář,All Inclusive
"
							21.5. - 28.5.
							(8 dní)
						",16090,Kreta,28627,Electra Tours,All Inclusive
"
							27.5. - 3.6.
							(8 dní)
						",15760,Kreta,28627,My Planet (Travel Planet),All Inclusive
"
							13.5. - 20.5.
							(8 dní)
						",15390,Kreta,8981,Pantour,All Inclusive
"
							16.5. - 26.5.
							(11 dní)
						",22090,Kreta,8981,Pantour,All Inclusive
"
							19.5. - 2.6.
							(15 dní)
						",28690,Kreta,8981,Pantour,All Inclusive
"
							27.5. - 3.6.
							(8 dní)
						",15561,Kreta,8702,Viamare,All Inclusive
"
							27.5. - 10.6.
							(15 dní)
						",22581,Kreta,8702,Viamare,All Inclusive
"
							3.6. - 10.6.
							(8 dní)
						",16011,Kreta,8702,Viamare,All Inclusive
"
							1.6. - 8.6.
							(8 dní)
						",10190,Kreta,109952,Pantour,Polopenze
"
							1.6. - 11.6.
							(11 dní)
						",13290,Kreta,109952,Pantour,Polopenze
"
							2.6. - 9.6.
							(8 dní)
						",10190,Kreta,109952,Pantour,Polopenze
"
							21.5. - 28.5.
							(8 dní)
						",13250,Kreta,102506,Electra Tours,Polopenze
"
							28.5. - 4.6.
							(8 dní)
						",14490,Kreta,102506,Electra Tours,Polopenze
"
							1.6. - 4.6.
							(4 dny)
						",10550,Kreta,102506,Electra Tours,Polopenze
"
							13.5. - 20.5.
							(8 dní)
						",10390,Kreta,71706,Pantour,Snídaně
"
							16.5. - 26.5.
							(11 dní)
						",13290,Kreta,71706,Pantour,Snídaně
"
							19.5. - 2.6.
							(15 dní)
						",14990,Kreta,71706,Pantour,Snídaně
"
							7.5. - 14.5.
							(8 dní)
						",12750,Kreta,31405,Exim Tours,Polopenze
"
							13.5. - 20.5.
							(8 dní)
						",11090,Kreta,31405,Pantour,Polopenze
"
							16.5. - 26.5.
							(11 dní)
						",14590,Kreta,31405,Pantour,Polopenze
"
							13.5. - 20.5.
							(8 dní)
						",9090,Kreta,8385,Pantour,Bez stravy
"
							16.5. - 26.5.
							(11 dní)
						",11490,Kreta,8385,Pantour,Bez stravy
"
							19.5. - 2.6.
							(15 dní)
						",12490,Kreta,8385,Pantour,Bez stravy
"
							14.5. - 21.5.
							(8 dní)
						",10720,Kreta,8093,Fischer 3 - spec.produkt,Snídaně
"
							14.5. - 21.5.
							(8 dní)
						",12120,Kreta,8093,Fischer 3 - spec.produkt,All Inclusive
"
							14.5. - 21.5.
							(8 dní)
						",11340,Kreta,8093,Fischer 3 - spec.produkt,Polopenze
"
							27.5. - 3.6.
							(8 dní)
						",12090,Kreta,52974,My Planet (Travel Planet),All Inclusive
"
							3.6. - 10.6.
							(8 dní)
						",12910,Kreta,52974,My Planet (Travel Planet),All Inclusive
"
							3.6. - 14.6.
							(12 dní)
						",15992,Kreta,52974,TIP travel,All Inclusive
"
							14.5. - 21.5.
							(8 dní)
						",12140,Kreta,7594,Fischer 3 - spec.produkt,All Inclusive
"
							14.5. - 21.5.
							(8 dní)
						",10010,Kreta,7594,Fischer 3 - spec.produkt,Polopenze
"
							14.5. - 21.5.
							(8 dní)
						",9660,Kreta,7594,Fischer 3 - spec.produkt,Snídaně
"
							5.5. - 12.5.
							(8 dní)
						",14160,Kreta,9095,Greece tours,Snídaně
"
							5.5. - 15.5.
							(11 dní)
						",16270,Kreta,9095,Greece tours,Snídaně
"
							5.5. - 19.5.
							(15 dní)
						",19090,Kreta,9095,Greece tours,Snídaně
"
							3.6. - 10.6.
							(8 dní)
						",19720,Kreta,36759,VTT,All Inclusive
"
							3.6. - 10.6.
							(8 dní)
						",17935,Kreta,36759,VTT,Polopenze
"
							7.6. - 14.6.
							(8 dní)
						",19720,Kreta,36759,VTT,All Inclusive
"
							13.5. - 20.5.
							(8 dní)
						",14090,Kreta,25292,Pantour,Polopenze
"
							13.5. - 20.5.
							(8 dní)
						",19590,Kreta,25292,Pantour,All Inclusive
"
							16.5. - 26.5.
							(11 dní)
						",18690,Kreta,25292,Pantour,Polopenze
"
							21.4. - 26.4.
							(6 dní)
						",26210,Kreta,107824,Neckermann CZ,Plná penze
"
							21.4. - 26.4.
							(6 dní)
						",23262,Kreta,107824,Neckermann CZ,Polopenze
"
							21.4. - 28.4.
							(8 dní)
						",21890,Kreta,107824,Neckermann CZ,Plná penze
"
							9.4. - 16.4.
							(8 dní)
						",21190,Kreta,24558,Exim Tours,Polopenze
"
							9.4. - 16.4.
							(8 dní)
						",26680,Kreta,24558,Exim Tours,Plná penze
"
							9.4. - 23.4.
							(15 dní)
						",33290,Kreta,24558,Exim Tours,Polopenze
"
							30.4. - 7.5.
							(8 dní)
						",26487,Kreta,8135,Inex,Polopenze
"
							30.4. - 14.5.
							(15 dní)
						",44243,Kreta,8135,Inex,Polopenze
"
							5.5. - 12.5.
							(8 dní)
						",24880,Kreta,8135,Greece tours,Polopenze
"
							13.5. - 20.5.
							(8 dní)
						",16990,Kreta,8983,Pantour,Polopenze
"
							13.5. - 20.5.
							(8 dní)
						",21390,Kreta,8983,Pantour,All Inclusive
"
							16.5. - 26.5.
							(11 dní)
						",24990,Kreta,8983,Pantour,Polopenze
"
							13.5. - 20.5.
							(8 dní)
						",10190,Kreta,112418,Pantour,Snídaně
"
							13.5. - 20.5.
							(8 dní)
						",12390,Kreta,112418,Pantour,Polopenze
"
							13.5. - 20.5.
							(8 dní)
						",13690,Kreta,112418,Pantour,Plná penze
"
							17.5. - 27.5.
							(11 dní)
						",12681,Kreta,101553,Brenna,Snídaně
"
							20.5. - 27.5.
							(8 dní)
						",11459,Kreta,101553,Brenna,Snídaně
"
							27.5. - 3.6.
							(8 dní)
						",11459,Kreta,101553,Travel 2002,Snídaně
"
							28.5. - 4.6.
							(8 dní)
						",15848,Kreta,99949,Neckermann CZ,All Inclusive
"
							28.5. - 4.6.
							(8 dní)
						",11675,Kreta,99949,Neckermann CZ,Snídaně
"
							28.5. - 4.6.
							(8 dní)
						",13201,Kreta,99949,Neckermann CZ,Polopenze
"
							13.5. - 20.5.
							(8 dní)
						",8890,Kreta,108461,Pantour,Bez stravy
"
							13.5. - 20.5.
							(8 dní)
						",9790,Kreta,108461,Pantour,Snídaně
"
							16.5. - 26.5.
							(11 dní)
						",11190,Kreta,108461,Pantour,Bez stravy
"
							30.4. - 7.5.
							(8 dní)
						",16090,Kreta,8048,Exim Tours,Polopenze
"
							30.4. - 14.5.
							(15 dní)
						",22990,Kreta,8048,Exim Tours,Polopenze
"
							7.5. - 14.5.
							(8 dní)
						",15410,Kreta,8048,Exim Tours,Polopenze
"
							27.5. - 3.6.
							(8 dní)
						",13491,Kreta,111730,Viamare,Polopenze
"
							27.5. - 3.6.
							(8 dní)
						",11691,Kreta,111730,Viamare,Snídaně
"
							27.5. - 10.6.
							(15 dní)
						",14841,Kreta,111730,Viamare,Snídaně
"
							17.5. - 27.5.
							(11 dní)
						",13151,Kreta,111668,Brenna,Bez stravy
"
							20.5. - 27.5.
							(8 dní)
						",11835,Kreta,111668,Brenna,Bez stravy
"
							27.5. - 3.6.
							(8 dní)
						",11835,Kreta,111668,Brenna,Bez stravy
"
							24.9. - 1.10.
							(8 dní)
						",23190,Kreta,37063,Blue Style,All Inclusive
"
							7.6. - 17.6.
							(11 dní)
						",13941,Kreta,34561,Viamare,Bez stravy
"
							17.6. - 28.6.
							(12 dní)
						",14391,Kreta,34561,Viamare,Bez stravy
"
							28.6. - 8.7.
							(11 dní)
						",15831,Kreta,34561,Viamare,Bez stravy
"
							3.4. - 10.4.
							(8 dní)
						",13797,Kreta,71810,Solartour SK,Bez stravy
"
							3.4. - 10.4.
							(8 dní)
						",15287,Kreta,71810,Solartour SK,Snídaně
"
							14.4. - 21.4.
							(8 dní)
						",14725,Kreta,71810,Solartour SK,Bez stravy
"
							16.4. - 23.4.
							(8 dní)
						",16690,Kreta,7592,Fischer 1 - cestovní kancelář,All Inclusive
"
							23.4. - 30.4.
							(8 dní)
						",14990,Kreta,7592,Fischer 1 - cestovní kancelář,All Inclusive
"
							30.4. - 7.5.
							(8 dní)
						",14990,Kreta,7592,Fischer 1 - cestovní kancelář,All Inclusive
"
							14.5. - 21.5.
							(8 dní)
						",11320,Kreta,109549,Fischer 3 - spec.produkt,Snídaně
"
							14.5. - 21.5.
							(8 dní)
						",10220,Kreta,109549,Fischer 3 - spec.produkt,Bez stravy
"
							20.5. - 27.5.
							(8 dní)
						",11320,Kreta,109549,Fischer 3 - spec.produkt,Snídaně
"
							14.5. - 21.5.
							(8 dní)
						",13690,Kreta,79221,Fischer 3 - spec.produkt,All Inclusive
"
							20.5. - 27.5.
							(8 dní)
						",12580,Kreta,79221,Fischer 3 - spec.produkt,All Inclusive
"
							21.5. - 28.5.
							(8 dní)
						",11090,Kreta,79221,Electra Tours,Polopenze
"
							1.7. - 8.7.
							(8 dní)
						",21280,Kreta,8062,My Planet (Travel Planet),All Inclusive
"
							5.7. - 12.7.
							(8 dní)
						",21730,Kreta,8062,My Planet (Travel Planet),All Inclusive
"
							8.7. - 15.7.
							(8 dní)
						",23070,Kreta,8062,My Planet (Travel Planet),All Inclusive
"
							21.5. - 28.5.
							(8 dní)
						",10950,Kreta,46471,Electra Tours,Polopenze
"
							28.5. - 4.6.
							(8 dní)
						",12190,Kreta,46471,Electra Tours,Polopenze
"
							1.6. - 4.6.
							(4 dny)
						",9590,Kreta,46471,Electra Tours,Polopenze
"
							4.6. - 15.6.
							(12 dní)
						",14692,Kreta,21262,Firo Tour,Bez stravy
"
							15.6. - 25.6.
							(11 dní)
						",15651,Kreta,21262,Firo Tour,Bez stravy
"
							25.6. - 6.7.
							(12 dní)
						",17391,Kreta,21262,Firo Tour,Bez stravy
"
							1.10. - 8.10.
							(8 dní)
						",20190,Kreta,8139,Electra Tours,All Inclusive
"
							1.10. - 8.10.
							(8 dní)
						",15390,Kreta,8139,Electra Tours,Polopenze
"
							8.10. - 15.10.
							(8 dní)
						",20190,Kreta,8139,Electra Tours,All Inclusive
"
							27.5. - 3.6.
							(8 dní)
						",9870,Kreta,87503,My Planet (Travel Planet),Snídaně
"
							27.5. - 3.6.
							(8 dní)
						",12700,Kreta,87503,My Planet (Travel Planet),Polopenze
"
							28.5. - 4.6.
							(8 dní)
						",19049,Kreta,87503,Neckermann CZ,All Inclusive
"
							21.5. - 28.5.
							(8 dní)
						",10050,Kreta,71811,Electra Tours,Bez stravy
"
							21.5. - 28.5.
							(8 dní)
						",11250,Kreta,71811,Electra Tours,Snídaně
"
							28.5. - 4.6.
							(8 dní)
						",11490,Kreta,71811,Electra Tours,Bez stravy
"
							28.5. - 4.6.
							(8 dní)
						",26246,Kreta,27640,Alexandria,Polopenze
"
							28.5. - 8.6.
							(12 dní)
						",35146,Kreta,27640,Alexandria,Polopenze
"
							1.6. - 8.6.
							(8 dní)
						",27581,Kreta,27640,Alexandria,Polopenze
"
							31.5. - 7.6.
							(8 dní)
						",24990,Kreta,54447,Fischer 1 - cestovní kancelář,All Inclusive
"
							31.5. - 10.6.
							(11 dní)
						",22890,Kreta,54447,Fischer 1 - cestovní kancelář,Polopenze
"
							31.5. - 10.6.
							(11 dní)
						",27890,Kreta,54447,Fischer 1 - cestovní kancelář,All Inclusive
"
							9.4. - 16.4.
							(8 dní)
						",13890,Kreta,8293,Exim Tours,Polopenze
"
							9.4. - 23.4.
							(15 dní)
						",18990,Kreta,8293,Exim Tours,Polopenze
"
							16.4. - 23.4.
							(8 dní)
						",13890,Kreta,8293,Exim Tours,Polopenze
"
							28.5. - 4.6.
							(8 dní)
						",15990,Kreta,98749,Blue Style,Polopenze
"
							28.5. - 4.6.
							(8 dní)
						",12690,Kreta,98749,Blue Style,Snídaně
"
							28.5. - 8.6.
							(12 dní)
						",19590,Kreta,98749,Blue Style,Polopenze
"
							21.5. - 28.5.
							(8 dní)
						",15790,Kreta,101056,Electra Tours,Polopenze
"
							21.5. - 28.5.
							(8 dní)
						",16690,Kreta,101056,Electra Tours,All Inclusive
"
							27.5. - 3.6.
							(8 dní)
						",19010,Kreta,101056,My Planet (Travel Planet),All Inclusive
"
							27.5. - 3.6.
							(8 dní)
						",10341,Kreta,107856,Viamare,Bez stravy
"
							27.5. - 10.6.
							(15 dní)
						",13131,Kreta,107856,Viamare,Bez stravy
"
							3.6. - 10.6.
							(8 dní)
						",11061,Kreta,107856,Viamare,Bez stravy
"
							10.6. - 21.6.
							(12 dní)
						",14031,Kreta,104692,KM Travel (Tvarbet Moravia),Bez stravy
"
							21.6. - 1.7.
							(11 dní)
						",14391,Kreta,104692,KM Travel (Tvarbet Moravia),Bez stravy
"
							2.8. - 12.8.
							(11 dní)
						",14841,Kreta,104692,KM Travel (Tvarbet Moravia),Bez stravy
"
							17.6. - 28.6.
							(12 dní)
						",22131,Kreta,7636,Viamare,Polopenze
"
							29.7. - 9.8.
							(12 dní)
						",23391,Kreta,7636,Viamare,Polopenze
"
							9.9. - 20.9.
							(12 dní)
						",22131,Kreta,7636,Viamare,Polopenze
"
							27.5. - 3.6.
							(8 dní)
						",14960,Kreta,8784,My Planet (Travel Planet),All Inclusive
"
							28.5. - 4.6.
							(8 dní)
						",15790,Kreta,8784,Blue Style,All Inclusive
"
							28.5. - 8.6.
							(12 dní)
						",19590,Kreta,8784,Blue Style,All Inclusive
"
							28.5. - 4.6.
							(8 dní)
						",16234,Kreta,7880,Neckermann CZ,All Inclusive
"
							28.5. - 11.6.
							(15 dní)
						",26167,Kreta,7880,Neckermann CZ,All Inclusive
"
							4.6. - 11.6.
							(8 dní)
						",17585,Kreta,7880,Neckermann CZ,All Inclusive
"
							24.4. - 29.4.
							(6 dní)
						",63601,Kreta,97682,Neckermann CZ,All Inclusive
"
							24.4. - 1.5.
							(8 dní)
						",15805,Kreta,97682,Neckermann CZ,All Inclusive
"
							24.4. - 4.5.
							(11 dní)
						",76280,Kreta,97682,Neckermann CZ,All Inclusive
"
							7.6. - 17.6.
							(11 dní)
						",16022,Kreta,41029,Teplická rekrea,Bez stravy
"
							17.6. - 28.6.
							(12 dní)
						",16310,Kreta,41029,Teplická rekrea,Bez stravy
"
							28.6. - 8.7.
							(11 dní)
						",16790,Kreta,41029,Teplická rekrea,Bez stravy
"
							14.5. - 21.5.
							(8 dní)
						",8690,Kreta,25964,Fischer 3 - spec.produkt,Bez stravy
"
							14.5. - 21.5.
							(8 dní)
						",9690,Kreta,25964,Fischer 3 - spec.produkt,Snídaně
"
							20.5. - 27.5.
							(8 dní)
						",9690,Kreta,25964,Fischer 3 - spec.produkt,Snídaně
"
							27.5. - 3.6.
							(8 dní)
						",11990,Kreta,100193,My Planet (Travel Planet),Polopenze
"
							27.5. - 3.6.
							(8 dní)
						",15000,Kreta,100193,My Planet (Travel Planet),All Inclusive
"
							3.6. - 10.6.
							(8 dní)
						",15550,Kreta,100193,My Planet (Travel Planet),All Inclusive
"
							27.5. - 7.6.
							(12 dní)
						",24565,Kreta,8346,VTT,All Inclusive
"
							7.6. - 17.6.
							(11 dní)
						",23205,Kreta,8346,VTT,All Inclusive
"
							17.6. - 28.6.
							(12 dní)
						",27710,Kreta,8346,VTT,All Inclusive
"
							10.9. - 17.9.
							(8 dní)
						",13390,Kreta,7901,Pantour,Snídaně
"
							10.9. - 17.9.
							(8 dní)
						",15190,Kreta,7901,Pantour,Polopenze
"
							10.9. - 17.9.
							(8 dní)
						",12290,Kreta,7901,Pantour,Bez stravy
"
							14.5. - 21.5.
							(8 dní)
						",13860,Kreta,85495,Fischer 1 - cestovní kancelář,All Inclusive
"
							20.5. - 3.6.
							(15 dní)
						",21870,Kreta,85495,Fischer 1 - cestovní kancelář,All Inclusive
"
							21.5. - 28.5.
							(8 dní)
						",12950,Kreta,85495,Electra Tours,All Inclusive
"
							13.5. - 20.5.
							(8 dní)
						",12590,Kreta,86250,Pantour,Polopenze
"
							13.5. - 20.5.
							(8 dní)
						",10590,Kreta,86250,Pantour,Snídaně
"
							16.5. - 26.5.
							(11 dní)
						",13590,Kreta,86250,Pantour,Snídaně
"
							3.6. - 10.6.
							(8 dní)
						",16242,Kreta,69797,Solvex SK,All Inclusive
"
							3.6. - 14.6.
							(12 dní)
						",22705,Kreta,69797,Solvex SK,All Inclusive
"
							10.6. - 17.6.
							(8 dní)
						",16242,Kreta,69797,Solvex SK,All Inclusive
"
							3.6. - 10.6.
							(8 dní)
						",13713,Kreta,79425,Solvex SK,Polopenze
"
							3.6. - 10.6.
							(8 dní)
						",15371,Kreta,79425,Solvex SK,All Inclusive
"
							3.6. - 14.6.
							(12 dní)
						",19867,Kreta,79425,Solvex SK,All Inclusive
"
							19.5. - 26.5.
							(8 dní)
						",14360,Kreta,99720,Solartour SK,Polopenze
"
							19.5. - 26.5.
							(8 dní)
						",12055,Kreta,99720,Solartour SK,Snídaně
"
							1.6. - 4.6.
							(4 dny)
						",9290,Kreta,99720,Electra Tours,Snídaně
"
							3.4. - 10.4.
							(8 dní)
						",13854,Kreta,79826,Solartour SK,Snídaně
"
							14.4. - 21.4.
							(8 dní)
						",14781,Kreta,79826,Solartour SK,Snídaně
"
							15.4. - 22.4.
							(8 dní)
						",14837,Kreta,79826,Solartour SK,Snídaně
"
							13.5. - 20.5.
							(8 dní)
						",9390,Kreta,107874,Pantour,Bez stravy
"
							16.5. - 26.5.
							(11 dní)
						",11890,Kreta,107874,Pantour,Bez stravy
"
							19.5. - 2.6.
							(15 dní)
						",13090,Kreta,107874,Pantour,Bez stravy
"
							8.4. - 13.4.
							(6 dní)
						",64435,Kreta,22610,Neckermann CZ,All Inclusive
"
							8.4. - 13.4.
							(6 dní)
						",63574,Kreta,22610,Neckermann CZ,Polopenze
"
							8.4. - 15.4.
							(8 dní)
						",27735,Kreta,22610,Neckermann CZ,Polopenze
"
							21.4. - 28.4.
							(8 dní)
						",16551,Kreta,8294,Solartour SK,All Inclusive
"
							22.4. - 29.4.
							(8 dní)
						",17788,Kreta,8294,Solartour SK,All Inclusive
"
							24.4. - 1.5.
							(8 dní)
						",16551,Kreta,8294,Solartour SK,All Inclusive
"
							28.4. - 5.5.
							(8 dní)
						",18350,Kreta,49746,Solartour SK,All Inclusive
"
							1.5. - 8.5.
							(8 dní)
						",17816,Kreta,49746,Solartour SK,All Inclusive
"
							5.5. - 12.5.
							(8 dní)
						",18237,Kreta,49746,Solartour SK,All Inclusive
"
							9.4. - 16.4.
							(8 dní)
						",15990,Kreta,22371,Exim Tours,Polopenze
"
							9.4. - 16.4.
							(8 dní)
						",18680,Kreta,22371,Exim Tours,All Inclusive
"
							9.4. - 23.4.
							(15 dní)
						",28280,Kreta,22371,Exim Tours,All Inclusive
"
							30.4. - 7.5.
							(8 dní)
						",21335,Kreta,7920,Inex,All Inclusive
"
							30.4. - 14.5.
							(15 dní)
						",33755,Kreta,7920,Inex,All Inclusive
"
							7.5. - 14.5.
							(8 dní)
						",21335,Kreta,7920,Inex,All Inclusive
"
							14.5. - 21.5.
							(8 dní)
						",12200,Kreta,32262,Fischer 3 - spec.produkt,Polopenze
"
							16.5. - 26.5.
							(11 dní)
						",14490,Kreta,32262,Pantour,Polopenze
"
							19.5. - 2.6.
							(15 dní)
						",16590,Kreta,32262,Pantour,Polopenze
"
							3.6. - 10.6.
							(8 dní)
						",14937,Kreta,8134,Brenna,Polopenze
"
							3.6. - 14.6.
							(12 dní)
						",18227,Kreta,8134,Brenna,Polopenze
"
							10.6. - 17.6.
							(8 dní)
						",14937,Kreta,8134,Brenna,Polopenze
"
							31.5. - 7.6.
							(8 dní)
						",12490,Kreta,24790,Fischer 3 - spec.produkt,Polopenze
"
							31.5. - 7.6.
							(8 dní)
						",11490,Kreta,24790,Fischer 3 - spec.produkt,Snídaně
"
							3.6. - 10.6.
							(8 dní)
						",13997,Kreta,24790,Brenna,Polopenze
"
							6.5. - 13.5.
							(8 dní)
						",15360,Kreta,30570,Greece tours,Bez stravy
"
							6.5. - 20.5.
							(15 dní)
						",19940,Kreta,30570,Greece tours,Bez stravy
"
							13.5. - 20.5.
							(8 dní)
						",15360,Kreta,30570,Greece tours,Bez stravy
"
							7.6. - 17.6.
							(11 dní)
						",11892,Kreta,104640,Viamare,Snídaně
"
							17.6. - 28.6.
							(12 dní)
						",13491,Kreta,104640,Viamare,Snídaně
"
							28.6. - 8.7.
							(11 dní)
						",14391,Kreta,104640,Viamare,Snídaně
"
							7.4. - 12.4.
							(6 dní)
						",22158,Kreta,8515,Neckermann CZ,All Inclusive
"
							7.4. - 14.4.
							(8 dní)
						",28512,Kreta,8515,Neckermann CZ,All Inclusive
"
							7.4. - 17.4.
							(11 dní)
						",26217,Kreta,8515,Neckermann CZ,All Inclusive
